ФИО автора,название,год издания,количество страниц
Бунин Иван Алексеевич,Вишнёвый сад,1746,1594
Толстой Алексей Николаевич,Железная дорога,1355,1109
Толстой Алексей Николаевич,Русские женщины,1366,962
Толстой Лев Николаевич,Преступление и наказание,1864,128
Чехов Антон Павлович,Пётр Первый,1969,1659
Чехов Антон Павлович,Белые ночи,1300,652
Некрасов Николай Алексеевич,Белая гвардия,1207,1481
Достоевский Фёдор Михайлович,Листопад,1493,707
Тургенев Иван Сергеевич,Первая любовь,1439,1087
Булгаков Михаил Афанасьевич,Крестьянские дети,1154,1411
Пушкин Александр Сергеевич,Белые ночи,1473,136
Бунин Иван Алексеевич,Морфий,1903,1320
Толстой Лев Николаевич,Евгений Онегин,1780,853
Пушкин Александр Сергеевич,Дом с мезонином,1785,1071
Пушкин Александр Сергеевич,Мертвые души,1741,314
Гоголь Николай Васильевич,Маленькая печальная повесть,1856,514
Некрасов Николай Алексеевич,Тарас Бульба,1996,55
Толстой Алексей Николаевич,Ася,1537,1119
Шолохов Михаил Александрович,Братья Карамазовы,1434,152
Некрасов Виктор Платонович,Пётр Первый,1866,1623
Некрасов Николай Алексеевич,Листопад,1932,714
Шолохов Михаил Александрович,Лёгкое дыхание,1693,1469
Пушкин Александр Сергеевич,Хождение по мукам,1682,506
Бунин Иван Алексеевич,Ася,1660,1914
Толстой Лев Николаевич,Донские рассказы,1598,130
Чехов Антон Павлович,Русские женщины,1839,1129
Толстой Лев Николаевич,Ревизор,1412,311
Толстой Лев Николаевич,Хамелеон,1858,948
Пушкин Александр Сергеевич,Тёмные аллеи,1706,77
Толстой Алексей Николаевич,Морфий,1524,1456
Достоевский Фёдор Михайлович,Вий,1417,1787
Шолохов Михаил Александрович,Тарас Бульба,1653,1390
Бунин Иван Алексеевич,Идиот,1428,1859
Толстой Алексей Николаевич,Аэлита,1517,1563
Достоевский Фёдор Михайлович,Донские рассказы,1558,871
Булгаков Михаил Афанасьевич,Железная дорога,1849,1362
Булгаков Михаил Афанасьевич,Медный всадник,1752,1244
Тургенев Иван Сергеевич,Маленькая печальная повесть,1709,1820
Гоголь Николай Васильевич,В окопах Сталинграда,1673,1911
Бунин Иван Алексеевич,Евгений Онегин,1786,235
Тургенев Иван Сергеевич,Хождение по мукам,1606,420
Достоевский Фёдор Михайлович,Рядовой Лютиков,1233,267
Тургенев Иван Сергеевич,Первая любовь,1529,1028
Чехов Антон Павлович,Анна Каренина,1827,1898
Толстой Лев Николаевич,Первая любовь,1501,1440
Тургенев Иван Сергеевич,Братья Карамазовы,1967,1603
Достоевский Фёдор Михайлович,В окопах Сталинграда,1480,650
Некрасов Николай Алексеевич,Ася,1267,1897
Толстой Лев Николаевич,Митина любовь,1310,1626
Некрасов Николай Алексеевич,Донские рассказы,1846,954
Достоевский Фёдор Михайлович,Евгений Онегин,1771,1068
Чехов Антон Павлович,Донские рассказы,1330,1621
Бунин Иван Алексеевич,Шинель,1645,1909
Толстой Алексей Николаевич,Мертвые души,1935,1910
Пушкин Александр Сергеевич,Маленькая печальная повесть,1637,1737
Толстой Алексей Николаевич,Кому на Руси жить хорошо,1337,1388
Бунин Иван Алексеевич,Преступление и наказание,1369,165
Булгаков Михаил Афанасьевич,Митина любовь,1844,753
Булгаков Михаил Афанасьевич,Собачье сердце,1844,176
Чехов Антон Павлович,Евгений Онегин,1872,1302
Пушкин Александр Сергеевич,Ионыч,1779,1115
Бунин Иван Алексеевич,Митина любовь,1449,1840
Некрасов Николай Алексеевич,Тёмные аллеи,1680,11
Толстой Лев Николаевич,Анна Каренина,2019,611
Бунин Иван Алексеевич,Белые ночи,1985,1553
Чехов Антон Павлович,Белая гвардия,1565,1629
Толстой Лев Николаевич,Воскресение,1922,134
Гоголь Николай Васильевич,Тарас Бульба,1731,148
Некрасов Николай Алексеевич,Пётр Первый,1947,789
Тургенев Иван Сергеевич,Пётр Первый,1806,991
Достоевский Фёдор Михайлович,Тихий Дон,1743,934
Некрасов Николай Алексеевич,Мастер и Маргарита,1493,647
Тургенев Иван Сергеевич,Хождение по мукам,1257,1339
Толстой Лев Николаевич,Рядовой Лютиков,1277,1135
Бунин Иван Алексеевич,Тарас Бульба,1435,1095
Толстой Лев Николаевич,Шинель,1973,1063
Достоевский Фёдор Михайлович,Анна Каренина,1227,372
Гоголь Николай Васильевич,Медный всадник,1134,1406
Толстой Лев Николаевич,Вий,1858,994
Бунин Иван Алексеевич,Мастер и Маргарита,1169,774
Некрасов Николай Алексеевич,Ася,1663,1854
Булгаков Михаил Афанасьевич,Евгений Онегин,1614,63
Толстой Алексей Николаевич,Вий,1901,117
Шолохов Михаил Александрович,Записки охотника,1376,732
Тургенев Иван Сергеевич,Анна Каренина,1759,1834
Тургенев Иван Сергеевич,Бесы,1265,1947
Гоголь Николай Васильевич,Ионыч,1643,1009
Шолохов Михаил Александрович,Железная дорога,2006,115
Некрасов Виктор Платонович,Дама с собачкой,1430,1941
Тургенев Иван Сергеевич,Листопад,1731,601
Толстой Алексей Николаевич,Братья Карамазовы,1271,305
Толстой Лев Николаевич,Записки охотника,1239,1918
Некрасов Николай Алексеевич,Аэлита,1473,26
Некрасов Николай Алексеевич,Кому на Руси жить хорошо,1482,1094
Тургенев Иван Сергеевич,Кому на Руси жить хорошо,1418,891
Гоголь Николай Васильевич,Морфий,1692,840
Булгаков Михаил Афанасьевич,Пётр Первый,1446,349
Тургенев Иван Сергеевич,Белые ночи,1935,1130
Толстой Алексей Николаевич,Война и мир,1143,949
Гоголь Николай Васильевич,Белые ночи,1430,1234
Бунин Иван Алексеевич,Собачье сердце,1943,1035
Толстой Лев Николаевич,Белая гвардия,1617,1617
Толстой Лев Николаевич,Ионыч,1996,673
Достоевский Фёдор Михайлович,Антоновские яблоки,1594,125
Булгаков Михаил Афанасьевич,Листопад,1663,1764
Толстой Алексей Николаевич,Идиот,2001,294
Некрасов Николай Алексеевич,Шинель,1287,767
Некрасов Николай Алексеевич,Железная дорога,1121,458
Некрасов Виктор Платонович,Мастер и Маргарита,1115,276
Некрасов Виктор Платонович,Митина любовь,1198,1369
Некрасов Виктор Платонович,Судьба человека,1956,1928
Шолохов Михаил Александрович,Отцы и дети,1142,1404
Бунин Иван Алексеевич,Собачье сердце,1251,455
Бунин Иван Алексеевич,Белая гвардия,1847,684
Некрасов Виктор Платонович,Вий,1963,1679
Булгаков Михаил Афанасьевич,Записки охотника,1396,222
Толстой Алексей Николаевич,Белые ночи,1331,1398
Толстой Алексей Николаевич,Антоновские яблоки,1388,1659
Пушкин Александр Сергеевич,Первая любовь,1941,1777
Бунин Иван Алексеевич,Вий,1851,660
Бунин Иван Алексеевич,Митина любовь,1618,517
Тургенев Иван Сергеевич,Идиот,1816,97
Некрасов Николай Алексеевич,Хамелеон,1150,694
Достоевский Фёдор Михайлович,Тихий Дон,1722,1641
Шолохов Михаил Александрович,Собачье сердце,1613,1613
Толстой Лев Николаевич,Воскресение,1368,1772
Чехов Антон Павлович,Крестьянские дети,1101,550
Гоголь Николай Васильевич,Братья Карамазовы,1827,599
Булгаков Михаил Афанасьевич,Первая любовь,1509,201
Чехов Антон Павлович,Мертвые души,1593,262
Булгаков Михаил Афанасьевич,Шинель,1802,817
Толстой Лев Николаевич,Русские женщины,1911,1392
Толстой Алексей Николаевич,Кому на Руси жить хорошо,1474,999
Чехов Антон Павлович,Морфий,1788,1793
Гоголь Николай Васильевич,Мертвые души,1330,986
Некрасов Виктор Платонович,Бесы,1594,389
Пушкин Александр Сергеевич,Записки охотника,1192,1177
Пушкин Александр Сергеевич,Белые ночи,1991,1645
Булгаков Михаил Афанасьевич,Хождение по мукам,1883,1326
Пушкин Александр Сергеевич,Антоновские яблоки,2000,353
Чехов Антон Павлович,Идиот,1753,1149
Некрасов Николай Алексеевич,В окопах Сталинграда,1186,150
Пушкин Александр Сергеевич,Дом с мезонином,1632,802
Булгаков Михаил Афанасьевич,Хамелеон,1218,1269
Пушкин Александр Сергеевич,Крестьянские дети,1938,1151
Достоевский Фёдор Михайлович,Дом с мезонином,1978,111
Чехов Антон Павлович,В окопах Сталинграда,1601,428
Тургенев Иван Сергеевич,Лёгкое дыхание,1825,1743
Толстой Лев Николаевич,Медный всадник,1906,68
Чехов Антон Павлович,Тарас Бульба,1504,1799
Некрасов Николай Алексеевич,Русские женщины,1559,1373
Гоголь Николай Васильевич,Тёмные аллеи,1328,1688
Бунин Иван Алексеевич,Мастер и Маргарита,1238,1798
Достоевский Фёдор Михайлович,Мертвые души,1410,711
Гоголь Николай Васильевич,Железная дорога,1225,1739
Чехов Антон Павлович,Судьба человека,1120,1059
Тургенев Иван Сергеевич,Тарас Бульба,1171,1303
Бунин Иван Алексеевич,Воскресение,1102,1848
Бунин Иван Алексеевич,Рядовой Лютиков,1465,880
Тургенев Иван Сергеевич,Бесы,1896,151
Толстой Алексей Николаевич,Тарас Бульба,1386,1749
Чехов Антон Павлович,Дом с мезонином,1969,401
Толстой Лев Николаевич,Белые ночи,1616,1376
Некрасов Николай Алексеевич,Железная дорога,1434,1525
Толстой Алексей Николаевич,Дама с собачкой,1890,1280
Достоевский Фёдор Михайлович,Война и мир,1662,1886
Пушкин Александр Сергеевич,Донские рассказы,1627,790
Гоголь Николай Васильевич,Первая любовь,1275,946
Некрасов Николай Алексеевич,Донские рассказы,1301,1237
Гоголь Николай Васильевич,Евгений Онегин,1346,537
Булгаков Михаил Афанасьевич,Мастер и Маргарита,1446,263
Тургенев Иван Сергеевич,Ася,1686,1630
Толстой Алексей Николаевич,Рядовой Лютиков,1106,1173
Гоголь Николай Васильевич,Тёмные аллеи,1999,1340
Шолохов Михаил Александрович,Дом с мезонином,1626,1514
Шолохов Михаил Александрович,Братья Карамазовы,1604,1664
Пушкин Александр Сергеевич,Детство,1384,1058
Некрасов Николай Алексеевич,Пётр Первый,1982,1025
Гоголь Николай Васильевич,Ионыч,2001,350
Пушкин Александр Сергеевич,Крестьянские дети,1785,378
Некрасов Виктор Платонович,Детство,1502,1184
Некрасов Николай Алексеевич,Антоновские яблоки,1211,1120
Толстой Алексей Николаевич,Морфий,1777,549
Достоевский Фёдор Михайлович,Хождение по мукам,1571,483
Толстой Лев Николаевич,Идиот,1385,132
Некрасов Виктор Платонович,Тарас Бульба,1657,159
Тургенев Иван Сергеевич,Вишнёвый сад,1778,1122
Достоевский Фёдор Михайлович,Кому на Руси жить хорошо,1288,714
Булгаков Михаил Афанасьевич,Ася,1152,168
Гоголь Николай Васильевич,Белые ночи,1663,420
Достоевский Фёдор Михайлович,Мастер и Маргарита,1415,299
Тургенев Иван Сергеевич,Медный всадник,2009,156
Гоголь Николай Васильевич,Первая любовь,2018,255
Бунин Иван Алексеевич,Мастер и Маргарита,1119,854
Бунин Иван Алексеевич,Евгений Онегин,1511,854
Пушкин Александр Сергеевич,Крестьянские дети,1740,875
Пушкин Александр Сергеевич,Митина любовь,1406,1787
Шолохов Михаил Александрович,Воскресение,1491,1991
Булгаков Михаил Афанасьевич,Анна Каренина,1382,36
Некрасов Николай Алексеевич,Белые ночи,1134,1148
Пушкин Александр Сергеевич,Воскресение,1139,1432
Бунин Иван Алексеевич,Листопад,1688,1580
Бунин Иван Алексеевич,Шинель,1398,1127
Булгаков Михаил Афанасьевич,Хождение по мукам,2001,217
Шолохов Михаил Александрович,Антоновские яблоки,1474,790
Шолохов Михаил Александрович,Русские женщины,1743,1199
Некрасов Николай Алексеевич,Хождение по мукам,1566,1753
Тургенев Иван Сергеевич,Крестьянские дети,1731,1039
Толстой Алексей Николаевич,Записки охотника,1577,1178
Тургенев Иван Сергеевич,Железная дорога,1508,1145
Тургенев Иван Сергеевич,Листопад,1583,584
Тургенев Иван Сергеевич,Бесы,1882,1222
Толстой Алексей Николаевич,Аэлита,1203,840
Толстой Алексей Николаевич,Воскресение,1573,433
Тургенев Иван Сергеевич,Ионыч,1741,369
Достоевский Фёдор Михайлович,В окопах Сталинграда,1704,179
Толстой Лев Николаевич,Белые ночи,1317,1859
Бунин Иван Алексеевич,Русские женщины,1630,657
Гоголь Николай Васильевич,Хождение по мукам,1934,1323
Толстой Лев Николаевич,Вий,1411,1473
Тургенев Иван Сергеевич,Хождение по мукам,1104,122
Чехов Антон Павлович,Листопад,1165,1759
Тургенев Иван Сергеевич,Лёгкое дыхание,1483,603
Пушкин Александр Сергеевич,Русские женщины,1351,78
Пушкин Александр Сергеевич,Дама с собачкой,1919,207
Некрасов Николай Алексеевич,Воскресение,1178,448
Тургенев Иван Сергеевич,Анна Каренина,1674,545
Чехов Антон Павлович,Ревизор,1806,278
Шолохов Михаил Александрович,Пётр Первый,1159,971
Толстой Алексей Николаевич,Тихий Дон,1691,109
Толстой Алексей Николаевич,Вишнёвый сад,1600,1747
Бунин Иван Алексеевич,Белая гвардия,1498,289
Толстой Лев Николаевич,Анна Каренина,1567,454
Чехов Антон Павлович,Преступление и наказание,1612,1910
Тургенев Иван Сергеевич,Судьба человека,1661,645
Толстой Алексей Николаевич,Детство,2004,1746
Шолохов Михаил Александрович,Рядовой Лютиков,1639,1495
Булгаков Михаил Афанасьевич,Листопад,1814,1185
Тургенев Иван Сергеевич,Пётр Первый,1803,454
Тургенев Иван Сергеевич,Морфий,1824,1151
Толстой Лев Николаевич,Тарас Бульба,1710,1004
Гоголь Николай Васильевич,Шинель,1366,310
Шолохов Михаил Александрович,Медный всадник,1756,697
Пушкин Александр Сергеевич,Воскресение,1370,1945
Булгаков Михаил Афанасьевич,Шинель,2003,1894
Некрасов Николай Алексеевич,Кому на Руси жить хорошо,1125,1747
Шолохов Михаил Александрович,Лёгкое дыхание,1188,1628
Булгаков Михаил Афанасьевич,Ревизор,1336,1896
Пушкин Александр Сергеевич,Хамелеон,1786,1614
Бунин Иван Алексеевич,Отцы и дети,1289,488
Толстой Алексей Николаевич,Хождение по мукам,1943,768
Толстой Лев Николаевич,Мертвые души,1110,812
Толстой Алексей Николаевич,Судьба человека,1296,1522
Толстой Лев Николаевич,Бесы,1481,1600
Толстой Лев Николаевич,Вий,2006,1264
Толстой Лев Николаевич,Тёмные аллеи,1753,1757
Чехов Антон Павлович,Хождение по мукам,1609,1442
Чехов Антон Павлович,Судьба человека,1627,1740
Толстой Алексей Николаевич,Белая гвардия,1455,1739
Бунин Иван Алексеевич,Собачье сердце,1689,1575
Шолохов Михаил Александрович,Братья Карамазовы,1830,1846
Некрасов Николай Алексеевич,Вий,1979,1907
Булгаков Михаил Афанасьевич,Судьба человека,1816,1968
Булгаков Михаил Афанасьевич,Маленькая печальная повесть,1653,1669
Некрасов Виктор Платонович,Ася,1466,76
Шолохов Михаил Александрович,Евгений Онегин,1355,618
Булгаков Михаил Афанасьевич,Ревизор,1933,335
Достоевский Фёдор Михайлович,Морфий,1520,1178
Некрасов Виктор Платонович,Бесы,1684,1945
Бунин Иван Алексеевич,Тарас Бульба,1128,414
Гоголь Николай Васильевич,Рядовой Лютиков,1486,1440
Гоголь Николай Васильевич,Русские женщины,1269,566
Достоевский Фёдор Михайлович,Маленькая печальная повесть,1212,1513
Гоголь Николай Васильевич,Вий,1843,955
Толстой Лев Николаевич,Крестьянские дети,1594,1373
Достоевский Фёдор Михайлович,Судьба человека,1259,362
Достоевский Фёдор Михайлович,Аэлита,1501,1739
Некрасов Николай Алексеевич,Антоновские яблоки,1107,1271
Толстой Лев Николаевич,Собачье сердце,1426,106
Шолохов Михаил Александрович,Бесы,1190,794
Пушкин Александр Сергеевич,Детство,1261,1126
Тургенев Иван Сергеевич,Морфий,1685,268
Бунин Иван Алексеевич,Братья Карамазовы,1575,1138
Булгаков Михаил Афанасьевич,Детство,1598,1809
Толстой Лев Николаевич,Дом с мезонином,1249,1606
Шолохов Михаил Александрович,Вий,1653,852
Толстой Алексей Николаевич,Белые ночи,1731,1450
Чехов Антон Павлович,Хождение по мукам,1749,364
Шолохов Михаил Александрович,Война и мир,1990,780
Пушкин Александр Сергеевич,Русские женщины,1891,581
Толстой Алексей Николаевич,Маленькая печальная повесть,1598,1780
Некрасов Николай Алексеевич,Мастер и Маргарита,1217,1092
Булгаков Михаил Афанасьевич,Тарас Бульба,1753,711
Толстой Алексей Николаевич,Кому на Руси жить хорошо,1431,1712
Булгаков Михаил Афанасьевич,Железная дорога,1141,1663
Булгаков Михаил Афанасьевич,Листопад,1992,1062
Гоголь Николай Васильевич,Судьба человека,1366,1011
Некрасов Николай Алексеевич,Митина любовь,1749,127
Бунин Иван Алексеевич,Братья Карамазовы,1917,430
Пушкин Александр Сергеевич,Морфий,1989,1991
Достоевский Фёдор Михайлович,Братья Карамазовы,2015,1931
Толстой Алексей Николаевич,Листопад,1615,329
Некрасов Виктор Платонович,Белые ночи,1481,506
Гоголь Николай Васильевич,Война и мир,1923,40
Тургенев Иван Сергеевич,Лёгкое дыхание,1494,1845
Чехов Антон Павлович,Идиот,1257,79
Бунин Иван Алексеевич,Морфий,1837,1110
Некрасов Виктор Платонович,Война и мир,1387,268
Тургенев Иван Сергеевич,Кому на Руси жить хорошо,1989,1538
Толстой Алексей Николаевич,Тёмные аллеи,1931,25
Достоевский Фёдор Михайлович,Отцы и дети,1350,811
Некрасов Виктор Платонович,Пётр Первый,1598,60
Бунин Иван Алексеевич,Дама с собачкой,1858,452
Чехов Антон Павлович,Мастер и Маргарита,1750,197
Бунин Иван Алексеевич,Преступление и наказание,1604,610
Некрасов Виктор Платонович,Дама с собачкой,1480,1859
Шолохов Михаил Александрович,Анна Каренина,1468,971
Тургенев Иван Сергеевич,Антоновские яблоки,1172,340
Тургенев Иван Сергеевич,Ася,1582,1031
Толстой Алексей Николаевич,Хождение по мукам,2018,569
Гоголь Николай Васильевич,Пётр Первый,1403,910
Толстой Лев Николаевич,Преступление и наказание,1645,1090
Гоголь Николай Васильевич,Русские женщины,1493,1096
Достоевский Фёдор Михайлович,Митина любовь,1472,760
Пушкин Александр Сергеевич,Анна Каренина,1618,1419
Некрасов Виктор Платонович,Братья Карамазовы,1340,410
Шолохов Михаил Александрович,Белые ночи,1622,853
Достоевский Фёдор Михайлович,Война и мир,1442,1065
Некрасов Николай Алексеевич,Листопад,1837,1265
Толстой Алексей Николаевич,Листопад,2021,1678
Гоголь Николай Васильевич,Мастер и Маргарита,1356,387
Бунин Иван Алексеевич,Тарас Бульба,1901,970
Булгаков Михаил Афанасьевич,Ася,1321,1379
Гоголь Николай Васильевич,Белые ночи,1662,759
Булгаков Михаил Афанасьевич,Тихий Дон,1841,1827
Чехов Антон Павлович,Донские рассказы,1463,1123
Шолохов Михаил Александрович,Записки охотника,1366,1710
Гоголь Николай Васильевич,Воскресение,1267,523
Толстой Алексей Николаевич,Тёмные аллеи,1157,1849
Некрасов Виктор Платонович,Русские женщины,1333,1267
Пушкин Александр Сергеевич,Вий,1832,1405
Достоевский Фёдор Михайлович,Морфий,1897,1975
Достоевский Фёдор Михайлович,Ревизор,1139,1914
Достоевский Фёдор Михайлович,Детство,1499,1325
Достоевский Фёдор Михайлович,Судьба человека,1566,1352
Шолохов Михаил Александрович,Идиот,1804,1491
Толстой Алексей Николаевич,Русские женщины,1421,757
Булгаков Михаил Афанасьевич,Пётр Первый,1423,143
Некрасов Виктор Платонович,Первая любовь,1552,737
Булгаков Михаил Афанасьевич,Собачье сердце,1607,1590
Достоевский Фёдор Михайлович,Преступление и наказание,1938,345
Пушкин Александр Сергеевич,Тихий Дон,1878,996
Некрасов Николай Алексеевич,Первая любовь,1546,247
Достоевский Фёдор Михайлович,Воскресение,1763,467
Шолохов Михаил Александрович,Русские женщины,1227,1330
Толстой Лев Николаевич,Кому на Руси жить хорошо,1638,1471
Некрасов Николай Алексеевич,Медный всадник,1413,1197
Толстой Лев Николаевич,Белые ночи,1721,1878
Булгаков Михаил Афанасьевич,Дом с мезонином,1488,1256
Шолохов Михаил Александрович,Тёмные аллеи,1857,1138
Гоголь Николай Васильевич,Ася,1638,1635
Достоевский Фёдор Михайлович,Кому на Руси жить хорошо,1817,1424
Гоголь Николай Васильевич,Братья Карамазовы,1724,438
Гоголь Николай Васильевич,Война и мир,1900,540
Шолохов Михаил Александрович,Хождение по мукам,1323,965
Некрасов Виктор Платонович,Вишнёвый сад,1870,313
Достоевский Фёдор Михайлович,Тихий Дон,1301,94
Чехов Антон Павлович,Евгений Онегин,1900,1867
Толстой Лев Николаевич,Донские рассказы,1816,1404
Шолохов Михаил Александрович,Бесы,1695,831
Булгаков Михаил Афанасьевич,Железная дорога,1787,1008
Пушкин Александр Сергеевич,Маленькая печальная повесть,1821,410
Гоголь Николай Васильевич,Собачье сердце,1420,1606
Толстой Алексей Николаевич,Воскресение,1878,463
Шолохов Михаил Александрович,Идиот,1144,817
Чехов Антон Павлович,Воскресение,1207,1598
Бунин Иван Алексеевич,Митина любовь,1980,314
Булгаков Михаил Афанасьевич,Вий,1761,1069
Чехов Антон Павлович,В окопах Сталинграда,1532,502
Толстой Алексей Николаевич,Собачье сердце,1598,59
Пушкин Александр Сергеевич,Записки охотника,1988,925
Пушкин Александр Сергеевич,В окопах Сталинграда,1443,1544
Некрасов Виктор Платонович,Идиот,1948,1323
Некрасов Николай Алексеевич,Белая гвардия,1530,1287
Некрасов Виктор Платонович,Тёмные аллеи,1339,161
Бунин Иван Алексеевич,Антоновские яблоки,1196,460
Тургенев Иван Сергеевич,Преступление и наказание,1433,1184
Некрасов Виктор Платонович,Железная дорога,1741,801
Некрасов Николай Алексеевич,Война и мир,1417,1868
Некрасов Николай Алексеевич,Собачье сердце,1600,739
Булгаков Михаил Афанасьевич,Мастер и Маргарита,1994,1840
Некрасов Виктор Платонович,Преступление и наказание,1638,1911
Гоголь Николай Васильевич,Записки охотника,1182,1835
Толстой Алексей Николаевич,Рядовой Лютиков,1197,954
Толстой Лев Николаевич,Медный всадник,1811,1254
Шолохов Михаил Александрович,Вий,1747,1734
Шолохов Михаил Александрович,Шинель,1496,983
Пушкин Александр Сергеевич,Вий,1750,1194
Достоевский Фёдор Михайлович,Собачье сердце,1635,234
Шолохов Михаил Александрович,Анна Каренина,1631,1267
Булгаков Михаил Афанасьевич,Аэлита,1748,1026
Бунин Иван Алексеевич,Вий,1540,839
Шолохов Михаил Александрович,Донские рассказы,1488,680
Толстой Алексей Николаевич,Отцы и дети,1344,1331
Тургенев Иван Сергеевич,Ася,1384,815
Толстой Лев Николаевич,Бесы,1439,914
Достоевский Фёдор Михайлович,Бесы,2017,966
Достоевский Фёдор Михайлович,Донские рассказы,1870,359
Некрасов Виктор Платонович,Белые ночи,1207,325
Булгаков Михаил Афанасьевич,В окопах Сталинграда,1536,997
Толстой Лев Николаевич,Идиот,1917,1148
Бунин Иван Алексеевич,Кому на Руси жить хорошо,1908,1388
Шолохов Михаил Александрович,Шинель,1133,946
Гоголь Николай Васильевич,Русские женщины,1708,172
Шолохов Михаил Александрович,Детство,1177,1654
Достоевский Фёдор Михайлович,Тёмные аллеи,1298,846
Толстой Алексей Николаевич,В окопах Сталинграда,1561,567
Толстой Лев Николаевич,Отцы и дети,1839,1256
Шолохов Михаил Александрович,Евгений Онегин,1965,1160
Толстой Лев Николаевич,Идиот,2023,1241
Шолохов Михаил Александрович,Преступление и наказание,1342,1508
Некрасов Виктор Платонович,Тёмные аллеи,1379,834
Бунин Иван Алексеевич,Преступление и наказание,1397,215
Некрасов Николай Алексеевич,Кому на Руси жить хорошо,1690,452
Некрасов Николай Алексеевич,Вий,1144,817
Чехов Антон Павлович,Кому на Руси жить хорошо,1964,1258
Достоевский Фёдор Михайлович,Анна Каренина,1352,243
Пушкин Александр Сергеевич,Пётр Первый,1143,586
Толстой Лев Николаевич,Рядовой Лютиков,1177,1786
Тургенев Иван Сергеевич,Хамелеон,1326,1390
Толстой Алексей Николаевич,Железная дорога,2006,1103
Пушкин Александр Сергеевич,Хамелеон,1814,1985
Чехов Антон Павлович,Дом с мезонином,1655,86
Тургенев Иван Сергеевич,Пётр Первый,1771,444
Толстой Лев Николаевич,Детство,1170,1077
Пушкин Александр Сергеевич,Ионыч,1685,1720
Пушкин Александр Сергеевич,Маленькая печальная повесть,1231,1435
Некрасов Николай Алексеевич,Русские женщины,1253,803
Бунин Иван Алексеевич,Судьба человека,1709,1342
Бунин Иван Алексеевич,Дом с мезонином,1620,258
Достоевский Фёдор Михайлович,Хамелеон,1861,1871
Толстой Лев Николаевич,Белая гвардия,1740,1055
Тургенев Иван Сергеевич,Бесы,1589,999
Чехов Антон Павлович,Мастер и Маргарита,1362,695
Гоголь Николай Васильевич,Аэлита,1488,1730
Булгаков Михаил Афанасьевич,Судьба человека,1521,20
Чехов Антон Павлович,Маленькая печальная повесть,1330,1043
Достоевский Фёдор Михайлович,Судьба человека,1999,453
Булгаков Михаил Афанасьевич,Морфий,1104,1369
Достоевский Фёдор Михайлович,Антоновские яблоки,1422,892
Толстой Алексей Николаевич,Митина любовь,1684,1867
Бунин Иван Алексеевич,Медный всадник,1330,903
Толстой Лев Николаевич,Дом с мезонином,1222,600
Некрасов Николай Алексеевич,Аэлита,1548,1643
Шолохов Михаил Александрович,Дом с мезонином,1258,1765
Толстой Лев Николаевич,Белые ночи,1996,383
Чехов Антон Павлович,Кому на Руси жить хорошо,1160,860
Чехов Антон Павлович,Аэлита,1869,41
Бунин Иван Алексеевич,Тарас Бульба,1989,1919
Бунин Иван Алексеевич,Русские женщины,1650,1740
Чехов Антон Павлович,Идиот,1767,532
Пушкин Александр Сергеевич,Идиот,1530,77
Гоголь Николай Васильевич,Преступление и наказание,1811,1499
Булгаков Михаил Афанасьевич,Ревизор,1710,278
Пушкин Александр Сергеевич,Война и мир,1110,1604
Достоевский Фёдор Михайлович,Кому на Руси жить хорошо,1118,807
Тургенев Иван Сергеевич,Анна Каренина,1966,1959
Тургенев Иван Сергеевич,Пётр Первый,1488,1663
Некрасов Виктор Платонович,Антоновские яблоки,1261,1907
Толстой Алексей Николаевич,В окопах Сталинграда,1277,1238
Толстой Алексей Николаевич,Братья Карамазовы,1822,436
Некрасов Виктор Платонович,Белые ночи,1848,1929
Толстой Алексей Николаевич,Бесы,1404,137
Бунин Иван Алексеевич,Тёмные аллеи,1949,1235
Булгаков Михаил Афанасьевич,Морфий,1483,340
Пушкин Александр Сергеевич,Тарас Бульба,2001,814
Толстой Лев Николаевич,Шинель,1174,279
Пушкин Александр Сергеевич,Тёмные аллеи,1399,827
Толстой Алексей Николаевич,Аэлита,1897,61
Пушкин Александр Сергеевич,Ревизор,1932,864
Некрасов Николай Алексеевич,Антоновские яблоки,1552,498
Чехов Антон Павлович,Дама с собачкой,1410,653
Тургенев Иван Сергеевич,Хамелеон,1192,772
Булгаков Михаил Афанасьевич,Анна Каренина,1707,668
Достоевский Фёдор Михайлович,Белые ночи,1988,204
Толстой Алексей Николаевич,Дама с собачкой,1721,1193
Булгаков Михаил Афанасьевич,Крестьянские дети,1740,157
Некрасов Николай Алексеевич,Идиот,1244,54
Достоевский Фёдор Михайлович,Хамелеон,1639,496
Шолохов Михаил Александрович,Крестьянские дети,1791,208
Толстой Алексей Николаевич,Мертвые души,1531,1091
Толстой Лев Николаевич,Судьба человека,1529,1929
Пушкин Александр Сергеевич,Дама с собачкой,1205,1387
Пушкин Александр Сергеевич,Идиот,1359,1751
Шолохов Михаил Александрович,Анна Каренина,1913,990
Толстой Лев Николаевич,Евгений Онегин,2017,1542
Шолохов Михаил Александрович,Русские женщины,1399,888
Толстой Лев Николаевич,Мертвые души,1268,1879
Некрасов Виктор Платонович,Детство,1349,1642
Достоевский Фёдор Михайлович,Медный всадник,1785,352
Некрасов Николай Алексеевич,Белые ночи,1645,316
Достоевский Фёдор Михайлович,Листопад,1294,1317
Толстой Лев Николаевич,Митина любовь,1802,873
Толстой Лев Николаевич,Лёгкое дыхание,1763,121
Толстой Алексей Николаевич,Идиот,1368,1243
Шолохов Михаил Александрович,Крестьянские дети,1397,1905
Чехов Антон Павлович,Детство,1397,280
Гоголь Николай Васильевич,Анна Каренина,1511,1929
Достоевский Фёдор Михайлович,Крестьянские дети,1547,1471
Некрасов Виктор Платонович,Тёмные аллеи,1269,874
Толстой Алексей Николаевич,Собачье сердце,1548,1508
Некрасов Николай Алексеевич,Воскресение,1297,528
Гоголь Николай Васильевич,Медный всадник,1774,393
Тургенев Иван Сергеевич,Война и мир,1318,1505
Тургенев Иван Сергеевич,Тёмные аллеи,1459,256
Некрасов Николай Алексеевич,Маленькая печальная повесть,1393,965
Некрасов Николай Алексеевич,Железная дорога,1652,861
Толстой Лев Николаевич,Ася,1346,1288
Булгаков Михаил Афанасьевич,Вий,1901,623
Толстой Лев Николаевич,Рядовой Лютиков,1583,1380
Некрасов Николай Алексеевич,Медный всадник,1980,1639
Некрасов Николай Алексеевич,Евгений Онегин,1831,1933
Чехов Антон Павлович,Аэлита,1591,862
Шолохов Михаил Александрович,Листопад,1440,214
Тургенев Иван Сергеевич,Вий,1858,1807
Булгаков Михаил Афанасьевич,Евгений Онегин,1910,945
Шолохов Михаил Александрович,Кому на Руси жить хорошо,1617,1780
Гоголь Николай Васильевич,Митина любовь,1805,808
Тургенев Иван Сергеевич,Медный всадник,1568,1585
Тургенев Иван Сергеевич,Отцы и дети,1510,1503
Толстой Лев Николаевич,Мастер и Маргарита,1789,922
Пушкин Александр Сергеевич,Воскресение,1408,1917
Булгаков Михаил Афанасьевич,Листопад,1568,640
Гоголь Николай Васильевич,Аэлита,1989,1506
Некрасов Николай Алексеевич,Записки охотника,1745,221
Бунин Иван Алексеевич,Евгений Онегин,1559,1837
Некрасов Виктор Платонович,Рядовой Лютиков,1339,370
Некрасов Виктор Платонович,Крестьянские дети,1276,975
Достоевский Фёдор Михайлович,Детство,1133,241
Гоголь Николай Васильевич,Первая любовь,1174,559
Тургенев Иван Сергеевич,Морфий,1325,178
Толстой Алексей Николаевич,Кому на Руси жить хорошо,1143,1781
Достоевский Фёдор Михайлович,Хамелеон,1792,472
Гоголь Николай Васильевич,Бесы,1432,1177
Толстой Алексей Николаевич,Воскресение,1354,1772
Бунин Иван Алексеевич,Митина любовь,1587,1225
Булгаков Михаил Афанасьевич,Преступление и наказание,1507,1635
Бунин Иван Алексеевич,Медный всадник,1545,628
Некрасов Николай Алексеевич,Идиот,1334,1578
Толстой Алексей Николаевич,Собачье сердце,1667,207
Некрасов Николай Алексеевич,Братья Карамазовы,1820,849
Достоевский Фёдор Михайлович,Лёгкое дыхание,1982,1718
Бунин Иван Алексеевич,Дом с мезонином,1153,1790
Толстой Лев Николаевич,Вий,1636,11
Булгаков Михаил Афанасьевич,Белые ночи,1256,289
Толстой Лев Николаевич,Собачье сердце,1666,686
Некрасов Виктор Платонович,Дама с собачкой,1543,1568
Достоевский Фёдор Михайлович,Мертвые души,1981,1816
Булгаков Михаил Афанасьевич,Ася,1394,99
Пушкин Александр Сергеевич,Ася,1491,843
Гоголь Николай Васильевич,Морфий,1962,1520
Пушкин Александр Сергеевич,Тарас Бульба,1361,1350
Чехов Антон Павлович,Воскресение,1418,1461
Гоголь Николай Васильевич,Шинель,1878,373
Шолохов Михаил Александрович,Донские рассказы,1703,898
Шолохов Михаил Александрович,В окопах Сталинграда,1119,1891
Толстой Лев Николаевич,Воскресение,1946,1458
Бунин Иван Алексеевич,Маленькая печальная повесть,1379,1624
Шолохов Михаил Александрович,Хамелеон,1195,810
Некрасов Виктор Платонович,Хождение по мукам,1293,1610
Чехов Антон Павлович,Дом с мезонином,1427,183
Толстой Лев Николаевич,Аэлита,1840,736
Достоевский Фёдор Михайлович,Русские женщины,1357,1606
Булгаков Михаил Афанасьевич,Первая любовь,1779,1868
Гоголь Николай Васильевич,Белая гвардия,1637,1633
Бунин Иван Алексеевич,Хождение по мукам,1245,1665
Толстой Алексей Николаевич,Аэлита,1394,231
Некрасов Николай Алексеевич,Шинель,1135,1696
Тургенев Иван Сергеевич,Дом с мезонином,1812,1953
Тургенев Иван Сергеевич,Евгений Онегин,1547,37
Толстой Алексей Николаевич,Анна Каренина,1655,658
Толстой Лев Николаевич,Дом с мезонином,1173,459
Бунин Иван Алексеевич,Тарас Бульба,1529,1314
Некрасов Николай Алексеевич,Воскресение,1364,314
Пушкин Александр Сергеевич,Записки охотника,1769,629
Бунин Иван Алексеевич,Пётр Первый,1213,749
Гоголь Николай Васильевич,Вишнёвый сад,1641,1178
Чехов Антон Павлович,Бесы,1987,1799
Пушкин Александр Сергеевич,Вий,1143,368
Шолохов Михаил Александрович,Шинель,1203,1148
Чехов Антон Павлович,Дама с собачкой,1779,270
Булгаков Михаил Афанасьевич,Дама с собачкой,1153,1867
Гоголь Николай Васильевич,Хождение по мукам,1205,853
Гоголь Николай Васильевич,Анна Каренина,1759,465
Достоевский Фёдор Михайлович,Ревизор,1740,79
Гоголь Николай Васильевич,Первая любовь,1470,138
Пушкин Александр Сергеевич,Шинель,1695,607
Тургенев Иван Сергеевич,Мастер и Маргарита,1589,704
Булгаков Михаил Афанасьевич,Собачье сердце,1881,732
Булгаков Михаил Афанасьевич,Мастер и Маргарита,1732,900
Толстой Алексей Николаевич,Мастер и Маргарита,1830,1736
Бунин Иван Алексеевич,Дама с собачкой,1148,42
Шолохов Михаил Александрович,Братья Карамазовы,1432,1156
Гоголь Николай Васильевич,Листопад,1831,274
Чехов Антон Павлович,Хождение по мукам,1920,176
Толстой Лев Николаевич,Судьба человека,1618,1124
Некрасов Николай Алексеевич,Хамелеон,1721,1531
Булгаков Михаил Афанасьевич,Антоновские яблоки,1682,1490
Некрасов Николай Алексеевич,Рядовой Лютиков,2008,755
Толстой Алексей Николаевич,Первая любовь,1185,819
Чехов Антон Павлович,Рядовой Лютиков,1929,65
Шолохов Михаил Александрович,Анна Каренина,1399,659
Толстой Лев Николаевич,Бесы,1846,70
Гоголь Николай Васильевич,Дом с мезонином,1899,1160
Бунин Иван Алексеевич,Судьба человека,1646,1181
Некрасов Николай Алексеевич,Аэлита,1410,491
Толстой Лев Николаевич,Анна Каренина,1989,673
Некрасов Николай Алексеевич,Русские женщины,1988,414
Некрасов Виктор Платонович,Аэлита,1694,171
Толстой Алексей Николаевич,Война и мир,1760,1063
Тургенев Иван Сергеевич,Шинель,1212,1048
Толстой Алексей Николаевич,Крестьянские дети,2011,1204
Булгаков Михаил Афанасьевич,Кому на Руси жить хорошо,1588,620
Гоголь Николай Васильевич,Русские женщины,1175,589
Некрасов Виктор Платонович,Русские женщины,1773,1407
Пушкин Александр Сергеевич,Преступление и наказание,1138,1215
Некрасов Николай Алексеевич,Евгений Онегин,1814,1584
Толстой Лев Николаевич,Крестьянские дети,1791,561
Некрасов Виктор Платонович,Детство,2012,152
Тургенев Иван Сергеевич,Лёгкое дыхание,1677,1221
Некрасов Виктор Платонович,Дама с собачкой,1280,1837
Достоевский Фёдор Михайлович,Тарас Бульба,1409,1061
Чехов Антон Павлович,Медный всадник,1274,1186
Булгаков Михаил Афанасьевич,Медный всадник,1916,1989
Шолохов Михаил Александрович,Антоновские яблоки,1706,1319
Тургенев Иван Сергеевич,Аэлита,1827,1666
Шолохов Михаил Александрович,Тёмные аллеи,1364,1709
Бунин Иван Алексеевич,Отцы и дети,1735,33
Толстой Лев Николаевич,Маленькая печальная повесть,1467,1209
Толстой Лев Николаевич,Тихий Дон,1458,841
Пушкин Александр Сергеевич,Крестьянские дети,1545,1798
Чехов Антон Павлович,Железная дорога,1579,1094
Толстой Лев Николаевич,Антоновские яблоки,1378,1957
Некрасов Виктор Платонович,Донские рассказы,1100,1071
Пушкин Александр Сергеевич,Воскресение,1316,107
Чехов Антон Павлович,Вий,1587,1080
Гоголь Николай Васильевич,Кому на Руси жить хорошо,1466,107
Пушкин Александр Сергеевич,Бесы,1289,576
Бунин Иван Алексеевич,Первая любовь,1890,232
Достоевский Фёдор Михайлович,Война и мир,1891,764
Тургенев Иван Сергеевич,Белая гвардия,1542,293
Достоевский Фёдор Михайлович,Мертвые души,1206,1563
Толстой Алексей Николаевич,Вий,1889,1508
Гоголь Николай Васильевич,Медный всадник,1974,1197
Чехов Антон Павлович,Детство,1650,705
Гоголь Николай Васильевич,Кому на Руси жить хорошо,1451,1849
Толстой Лев Николаевич,Шинель,1373,1827
Бунин Иван Алексеевич,Ревизор,1592,746
Тургенев Иван Сергеевич,Лёгкое дыхание,1289,1707
Толстой Лев Николаевич,Вишнёвый сад,1770,1645
Пушкин Александр Сергеевич,Рядовой Лютиков,1249,375
Некрасов Николай Алексеевич,Отцы и дети,1686,353
Чехов Антон Павлович,Отцы и дети,1157,1690
Шолохов Михаил Александрович,Железная дорога,1303,1497
Пушкин Александр Сергеевич,Морфий,1509,217
Бунин Иван Алексеевич,Воскресение,1196,287
Толстой Лев Николаевич,Идиот,1839,689
Достоевский Фёдор Михайлович,Хождение по мукам,1484,306
Тургенев Иван Сергеевич,Ионыч,1541,456
Некрасов Николай Алексеевич,Тихий Дон,2010,838
Бунин Иван Алексеевич,Маленькая печальная повесть,1563,82
Тургенев Иван Сергеевич,Листопад,1245,1582
Толстой Алексей Николаевич,Анна Каренина,1466,768
Чехов Антон Павлович,Крестьянские дети,1698,1994
Толстой Алексей Николаевич,Анна Каренина,1871,1664
Пушкин Александр Сергеевич,Крестьянские дети,1568,1492
Тургенев Иван Сергеевич,Хождение по мукам,1883,1591
Гоголь Николай Васильевич,Русские женщины,1470,48
Чехов Антон Павлович,Рядовой Лютиков,1571,1080
Гоголь Николай Васильевич,Пётр Первый,1216,675
Шолохов Михаил Александрович,Евгений Онегин,1888,920
Гоголь Николай Васильевич,Евгений Онегин,1863,943
Некрасов Виктор Платонович,Вий,1886,1797
Достоевский Фёдор Михайлович,Детство,1701,1773
Чехов Антон Павлович,Идиот,1846,494
Толстой Алексей Николаевич,Антоновские яблоки,1693,829
Гоголь Николай Васильевич,Хождение по мукам,1560,1333
Булгаков Михаил Афанасьевич,Преступление и наказание,1249,133
Достоевский Фёдор Михайлович,Шинель,1460,393
Бунин Иван Алексеевич,Маленькая печальная повесть,1325,893
Достоевский Фёдор Михайлович,Бесы,1150,330
Бунин Иван Алексеевич,Тарас Бульба,1407,1507
Некрасов Николай Алексеевич,Ионыч,1583,389
Достоевский Фёдор Михайлович,Русские женщины,1667,1851
Толстой Алексей Николаевич,Антоновские яблоки,1702,559
Некрасов Николай Алексеевич,Анна Каренина,1407,1026
Пушкин Александр Сергеевич,Мастер и Маргарита,1190,608
Некрасов Виктор Платонович,Белая гвардия,1797,743
Шолохов Михаил Александрович,Дама с собачкой,1130,871
Булгаков Михаил Афанасьевич,Идиот,1862,280
Толстой Алексей Николаевич,Листопад,1607,1762
Бунин Иван Алексеевич,Тёмные аллеи,1885,946
Шолохов Михаил Александрович,Дама с собачкой,1743,1261
Тургенев Иван Сергеевич,Тарас Бульба,1851,29
Некрасов Николай Алексеевич,Евгений Онегин,1614,500
Гоголь Николай Васильевич,Шинель,1630,785
Некрасов Николай Алексеевич,Вишнёвый сад,1210,1406
Достоевский Фёдор Михайлович,Преступление и наказание,1109,1340
Тургенев Иван Сергеевич,Митина любовь,1339,1881
Булгаков Михаил Афанасьевич,Морфий,1939,1815
Чехов Антон Павлович,Бесы,1580,987
Некрасов Виктор Платонович,Братья Карамазовы,1176,316
Шолохов Михаил Александрович,Рядовой Лютиков,1723,937
Шолохов Михаил Александрович,Хождение по мукам,1138,1959
Достоевский Фёдор Михайлович,Рядовой Лютиков,1751,1993
Шолохов Михаил Александрович,Медный всадник,1377,189
Толстой Лев Николаевич,В окопах Сталинграда,1343,300
Гоголь Николай Васильевич,Хамелеон,1606,1866
Некрасов Николай Алексеевич,Донские рассказы,1880,272
Шолохов Михаил Александрович,Дама с собачкой,1198,1938
Тургенев Иван Сергеевич,Железная дорога,2003,933
Некрасов Виктор Платонович,Морфий,1729,822
Булгаков Михаил Афанасьевич,Идиот,1596,501
Пушкин Александр Сергеевич,Антоновские яблоки,1529,1608
Булгаков Михаил Афанасьевич,Листопад,1508,1629
Достоевский Фёдор Михайлович,Русские женщины,1405,1901
Бунин Иван Алексеевич,Мертвые души,1855,1235
Толстой Лев Николаевич,Война и мир,1740,997
Некрасов Николай Алексеевич,Бесы,1655,20
Булгаков Михаил Афанасьевич,Хамелеон,1929,1673
Тургенев Иван Сергеевич,Шинель,1766,284
Достоевский Фёдор Михайлович,Железная дорога,1327,1767
Толстой Алексей Николаевич,В окопах Сталинграда,1183,859
Некрасов Виктор Платонович,Маленькая печальная повесть,1534,904
Бунин Иван Алексеевич,Евгений Онегин,1172,978
Бунин Иван Алексеевич,Медный всадник,1928,1132
Достоевский Фёдор Михайлович,Лёгкое дыхание,1804,74
Чехов Антон Павлович,Ася,1372,169
Шолохов Михаил Александрович,Хождение по мукам,1226,725
Толстой Алексей Николаевич,Тёмные аллеи,1409,70
Гоголь Николай Васильевич,Пётр Первый,1675,565
Толстой Алексей Николаевич,Медный всадник,1894,827
Гоголь Николай Васильевич,Морфий,1760,645
Чехов Антон Павлович,Ионыч,1323,553
Бунин Иван Алексеевич,Собачье сердце,1987,897
Тургенев Иван Сергеевич,Русские женщины,1293,858
Толстой Лев Николаевич,Собачье сердце,1273,1893
Пушкин Александр Сергеевич,Воскресение,1199,1159
Толстой Алексей Николаевич,Кому на Руси жить хорошо,1882,1698
Булгаков Михаил Афанасьевич,Железная дорога,1315,891
Некрасов Виктор Платонович,Хождение по мукам,1213,235
Чехов Антон Павлович,Мертвые души,1752,1131
Толстой Алексей Николаевич,Медный всадник,1666,1945
Толстой Алексей Николаевич,Вий,2013,910
Чехов Антон Павлович,Кому на Руси жить хорошо,1700,1041
Пушкин Александр Сергеевич,В окопах Сталинграда,1614,1551
Булгаков Михаил Афанасьевич,Русские женщины,1987,1538
Гоголь Николай Васильевич,Кому на Руси жить хорошо,1974,825
Некрасов Николай Алексеевич,Рядовой Лютиков,1274,1217
Толстой Лев Николаевич,Первая любовь,1821,235
Тургенев Иван Сергеевич,Морфий,2026,1777
Достоевский Фёдор Михайлович,Морфий,1797,486
Достоевский Фёдор Михайлович,Тихий Дон,1181,1811
Некрасов Виктор Платонович,Русские женщины,1460,1950
Булгаков Михаил Афанасьевич,Преступление и наказание,1801,1790
Булгаков Михаил Афанасьевич,Мертвые души,1907,846
Шолохов Михаил Александрович,Мертвые души,1757,491
Толстой Алексей Николаевич,Лёгкое дыхание,1820,1119
Толстой Лев Николаевич,Антоновские яблоки,1876,1875
Булгаков Михаил Афанасьевич,Мастер и Маргарита,1124,1409
Булгаков Михаил Афанасьевич,Тёмные аллеи,1720,155
Тургенев Иван Сергеевич,Ревизор,1334,811
Некрасов Виктор Платонович,Дама с собачкой,1234,1692
Толстой Алексей Николаевич,Записки охотника,1328,1508
Толстой Алексей Николаевич,Лёгкое дыхание,1256,719
Чехов Антон Павлович,Пётр Первый,1473,1385
Некрасов Виктор Платонович,Первая любовь,1799,27
Гоголь Николай Васильевич,Ася,1947,721
Булгаков Михаил Афанасьевич,Мастер и Маргарита,1346,1219
Тургенев Иван Сергеевич,Отцы и дети,1974,748
Булгаков Михаил Афанасьевич,Война и мир,1678,1576
Бунин Иван Алексеевич,Медный всадник,1995,278
Шолохов Михаил Александрович,Крестьянские дети,1818,1728
Шолохов Михаил Александрович,Рядовой Лютиков,1536,1183
Шолохов Михаил Александрович,В окопах Сталинграда,1267,1296
Гоголь Николай Васильевич,Идиот,1105,1019
Шолохов Михаил Александрович,Листопад,1419,708
Чехов Антон Павлович,Белая гвардия,2025,1374
Пушкин Александр Сергеевич,Идиот,1820,16
Булгаков Михаил Афанасьевич,Донские рассказы,1892,1960
Шолохов Михаил Александрович,Первая любовь,1833,1384
Некрасов Николай Алексеевич,Аэлита,1904,1421
Бунин Иван Алексеевич,Судьба человека,1887,1806
Некрасов Виктор Платонович,Братья Карамазовы,1839,1998
Некрасов Николай Алексеевич,Записки охотника,1133,920
Чехов Антон Павлович,Первая любовь,1517,1471
Некрасов Николай Алексеевич,Тарас Бульба,1869,1745
Пушкин Александр Сергеевич,Детство,1727,956
Бунин Иван Алексеевич,Рядовой Лютиков,1251,809
Некрасов Виктор Платонович,Мертвые души,1862,1305
Толстой Лев Николаевич,Тарас Бульба,1285,1357
Тургенев Иван Сергеевич,Железная дорога,1396,60
Некрасов Виктор Платонович,Мастер и Маргарита,1540,1310
Чехов Антон Павлович,Мастер и Маргарита,1922,1146
Пушкин Александр Сергеевич,Тихий Дон,1175,714
Достоевский Фёдор Михайлович,Война и мир,1480,1109
Толстой Алексей Николаевич,Ревизор,1810,1612
Шолохов Михаил Александрович,Отцы и дети,1471,663
Гоголь Николай Васильевич,Вишнёвый сад,1612,1820
Бунин Иван Алексеевич,Ревизор,1649,1588
Достоевский Фёдор Михайлович,Дом с мезонином,1999,1828
Толстой Лев Николаевич,Ионыч,1332,339
Достоевский Фёдор Михайлович,В окопах Сталинграда,1646,807
Толстой Алексей Николаевич,Маленькая печальная повесть,1981,602
Чехов Антон Павлович,Пётр Первый,1945,550
Пушкин Александр Сергеевич,Русские женщины,1946,1092
Некрасов Николай Алексеевич,Воскресение,1445,1373
Булгаков Михаил Афанасьевич,Вишнёвый сад,1948,894
Шолохов Михаил Александрович,Братья Карамазовы,1781,1775
Некрасов Николай Алексеевич,Отцы и дети,1479,1077
Тургенев Иван Сергеевич,Анна Каренина,1292,985
Чехов Антон Павлович,Тёмные аллеи,1802,1312
Достоевский Фёдор Михайлович,Тарас Бульба,1844,1687
Шолохов Михаил Александрович,Тихий Дон,1375,1734
Булгаков Михаил Афанасьевич,Маленькая печальная повесть,2013,238
Достоевский Фёдор Михайлович,Белая гвардия,1172,731
Бунин Иван Алексеевич,Отцы и дети,1984,1490
Толстой Лев Николаевич,Листопад,1872,1666
Толстой Алексей Николаевич,Тихий Дон,1379,1269
Тургенев Иван Сергеевич,Братья Карамазовы,1996,1105
Толстой Лев Николаевич,Листопад,1422,457
Достоевский Фёдор Михайлович,Ася,1337,1542
Некрасов Виктор Платонович,Шинель,1912,1070
Чехов Антон Павлович,Кому на Руси жить хорошо,1461,254
Булгаков Михаил Афанасьевич,Анна Каренина,1714,147
Пушкин Александр Сергеевич,Белая гвардия,1385,631
Достоевский Фёдор Михайлович,Первая любовь,1789,1694
Булгаков Михаил Афанасьевич,Крестьянские дети,1288,1373
Булгаков Михаил Афанасьевич,Хамелеон,1592,808
Толстой Лев Николаевич,Собачье сердце,1358,232
Шолохов Михаил Александрович,Ионыч,1106,134
Тургенев Иван Сергеевич,Белые ночи,1824,735
Чехов Антон Павлович,Митина любовь,1454,579
Бунин Иван Алексеевич,Мастер и Маргарита,1539,1882
Достоевский Фёдор Михайлович,Бесы,1590,240
Достоевский Фёдор Михайлович,Ионыч,1798,211
Достоевский Фёдор Михайлович,Листопад,1962,1560
Тургенев Иван Сергеевич,Вишнёвый сад,1760,1580
Гоголь Николай Васильевич,Воскресение,1457,257
Гоголь Николай Васильевич,Собачье сердце,1306,991
Пушкин Александр Сергеевич,Тёмные аллеи,1961,1553
Бунин Иван Алексеевич,Русские женщины,1878,1006
Чехов Антон Павлович,Мастер и Маргарита,1951,875
Толстой Лев Николаевич,Бесы,1353,1157
Толстой Алексей Николаевич,Вий,1706,1091
Гоголь Николай Васильевич,Крестьянские дети,1534,962
Достоевский Фёдор Михайлович,Хамелеон,2004,710
Булгаков Михаил Афанасьевич,Евгений Онегин,1287,800
Некрасов Николай Алексеевич,Хамелеон,1510,980
Гоголь Николай Васильевич,Дама с собачкой,1375,1044
Толстой Лев Николаевич,Отцы и дети,1205,1796
Пушкин Александр Сергеевич,Железная дорога,1504,1168
Тургенев Иван Сергеевич,Ася,1237,1569
Бунин Иван Алексеевич,Донские рассказы,1949,404
Толстой Алексей Николаевич,Мертвые души,1323,629
Толстой Алексей Николаевич,Записки охотника,1614,881
Тургенев Иван Сергеевич,Первая любовь,1142,380
Некрасов Виктор Платонович,Листопад,1537,250
Толстой Лев Николаевич,Шинель,1417,777
Бунин Иван Алексеевич,Бесы,1819,690
Достоевский Фёдор Михайлович,Тихий Дон,1455,1862
Толстой Алексей Николаевич,Собачье сердце,1884,1973
Тургенев Иван Сергеевич,Антоновские яблоки,1253,700
Булгаков Михаил Афанасьевич,Тихий Дон,1859,1595
Чехов Антон Павлович,Война и мир,1102,1002
Тургенев Иван Сергеевич,Первая любовь,1475,1410
Тургенев Иван Сергеевич,Преступление и наказание,1159,297
Достоевский Фёдор Михайлович,Хамелеон,1251,786
Толстой Алексей Николаевич,Вишнёвый сад,1329,1368
Толстой Лев Николаевич,Тёмные аллеи,1689,662
Бунин Иван Алексеевич,Ася,2015,163
Чехов Антон Павлович,Русские женщины,1881,167
Булгаков Михаил Афанасьевич,Братья Карамазовы,1811,191
Тургенев Иван Сергеевич,Ася,1948,1735
Достоевский Фёдор Михайлович,Шинель,1924,1814
Чехов Антон Павлович,Морфий,1886,1110
Шолохов Михаил Александрович,Рядовой Лютиков,1251,185
Толстой Алексей Николаевич,Бесы,1731,790
Тургенев Иван Сергеевич,Антоновские яблоки,1117,1740
Достоевский Фёдор Михайлович,Тёмные аллеи,1207,1086
Пушкин Александр Сергеевич,Преступление и наказание,1720,450
Достоевский Фёдор Михайлович,Дом с мезонином,1871,1256
Гоголь Николай Васильевич,Записки охотника,1570,656
Некрасов Николай Алексеевич,Донские рассказы,1274,17
Бунин Иван Алексеевич,Воскресение,1724,1726
Чехов Антон Павлович,Евгений Онегин,1293,937
Некрасов Виктор Платонович,Ася,1397,1344
Гоголь Николай Васильевич,Ревизор,1728,46
Чехов Антон Павлович,Анна Каренина,1123,1614
Пушкин Александр Сергеевич,Листопад,1378,1371
Некрасов Виктор Платонович,Белые ночи,1450,534
Некрасов Виктор Платонович,Антоновские яблоки,1953,345
Чехов Антон Павлович,Вий,1721,585
Пушкин Александр Сергеевич,Тёмные аллеи,1883,1075
Некрасов Николай Алексеевич,Записки охотника,1777,1736
Чехов Антон Павлович,Рядовой Лютиков,1213,477
Бунин Иван Алексеевич,Тёмные аллеи,1804,1795
Шолохов Михаил Александрович,В окопах Сталинграда,1688,1919
Булгаков Михаил Афанасьевич,Железная дорога,1379,487
Толстой Алексей Николаевич,Морфий,1487,758
Пушкин Александр Сергеевич,Ионыч,1107,1990
Толстой Лев Николаевич,Записки охотника,1978,1773
Пушкин Александр Сергеевич,Железная дорога,1670,1238
Достоевский Фёдор Михайлович,Война и мир,1646,595
Тургенев Иван Сергеевич,Маленькая печальная повесть,1419,1186
Гоголь Николай Васильевич,Бесы,1622,94
Некрасов Виктор Платонович,Морфий,2021,943
Некрасов Николай Алексеевич,Первая любовь,1589,109
Чехов Антон Павлович,Ионыч,1882,1498
Булгаков Михаил Афанасьевич,Маленькая печальная повесть,1732,426
Некрасов Николай Алексеевич,Мастер и Маргарита,1474,218
Толстой Лев Николаевич,Собачье сердце,1536,183
Шолохов Михаил Александрович,Ревизор,1966,150
Чехов Антон Павлович,Бесы,1283,99
Некрасов Николай Алексеевич,Ревизор,1605,1687
Некрасов Николай Алексеевич,Белые ночи,1748,1445
Толстой Лев Николаевич,Преступление и наказание,1740,1299
Чехов Антон Павлович,Вишнёвый сад,1222,335
Толстой Лев Николаевич,Кому на Руси жить хорошо,1960,1271
Достоевский Фёдор Михайлович,Аэлита,1880,538
Толстой Лев Николаевич,Мастер и Маргарита,1283,1331
Тургенев Иван Сергеевич,Первая любовь,1786,915
Бунин Иван Алексеевич,Аэлита,1420,1775
Некрасов Виктор Платонович,Белая гвардия,1601,928
Чехов Антон Павлович,Хамелеон,1414,1147
Шолохов Михаил Александрович,Белые ночи,1769,1755
Достоевский Фёдор Михайлович,Дама с собачкой,1820,241
Некрасов Виктор Платонович,Отцы и дети,1624,1666
Чехов Антон Павлович,Дама с собачкой,1977,1330
Гоголь Николай Васильевич,Дама с собачкой,1655,1057
Шолохов Михаил Александрович,Вий,1672,1914
Некрасов Николай Алексеевич,Бесы,1368,1278
Чехов Антон Павлович,Антоновские яблоки,1192,183
Некрасов Виктор Платонович,Вишнёвый сад,1381,1397
Тургенев Иван Сергеевич,Тарас Бульба,1741,464
Шолохов Михаил Александрович,Отцы и дети,1610,465
Бунин Иван Алексеевич,Судьба человека,2020,951
Тургенев Иван Сергеевич,Тихий Дон,1164,1874
Некрасов Николай Алексеевич,Кому на Руси жить хорошо,2014,27
Бунин Иван Алексеевич,Митина любовь,1977,1860
Булгаков Михаил Афанасьевич,Листопад,1102,747
Гоголь Николай Васильевич,Отцы и дети,1528,1685
Тургенев Иван Сергеевич,Судьба человека,1323,1909
Толстой Лев Николаевич,Мертвые души,1412,484
Бунин Иван Алексеевич,Белые ночи,1202,752
Шолохов Михаил Александрович,Собачье сердце,1611,856
Бунин Иван Алексеевич,Первая любовь,1888,389
Некрасов Виктор Платонович,Донские рассказы,1549,1522
Чехов Антон Павлович,Война и мир,1738,618
Гоголь Николай Васильевич,Мертвые души,2016,924
Тургенев Иван Сергеевич,Крестьянские дети,1340,437
Некрасов Виктор Платонович,Ася,1308,1310
Пушкин Александр Сергеевич,Война и мир,1466,558
Тургенев Иван Сергеевич,Дама с собачкой,1342,1471
Шолохов Михаил Александрович,Анна Каренина,1248,615
Чехов Антон Павлович,Крестьянские дети,1282,1642
Гоголь Николай Васильевич,Воскресение,1512,1173
Чехов Антон Павлович,Белая гвардия,1609,1877
Некрасов Виктор Платонович,Тёмные аллеи,1231,1196
Пушкин Александр Сергеевич,Морфий,1811,63
Тургенев Иван Сергеевич,Рядовой Лютиков,1769,1624
Достоевский Фёдор Михайлович,Русские женщины,1354,760
Шолохов Михаил Александрович,Ревизор,1661,590
Толстой Лев Николаевич,Листопад,1878,1980
Некрасов Николай Алексеевич,Дом с мезонином,1296,606
Бунин Иван Алексеевич,Рядовой Лютиков,1433,1495
Чехов Антон Павлович,Дама с собачкой,1847,550
Тургенев Иван Сергеевич,Бесы,1346,995
Пушкин Александр Сергеевич,Маленькая печальная повесть,1535,1246
Тургенев Иван Сергеевич,Ионыч,1597,1888
Булгаков Михаил Афанасьевич,Аэлита,1744,436
Некрасов Виктор Платонович,Медный всадник,1491,616
Пушкин Александр Сергеевич,Анна Каренина,1121,378
Гоголь Николай Васильевич,Медный всадник,1759,649
Пушкин Александр Сергеевич,Воскресение,1362,1446
Чехов Антон Павлович,Война и мир,1141,1571
Гоголь Николай Васильевич,В окопах Сталинграда,1695,1095
Гоголь Николай Васильевич,Ася,1104,824
Булгаков Михаил Афанасьевич,Мертвые души,1456,1234
Некрасов Виктор Платонович,Дама с собачкой,1227,1530
Некрасов Виктор Платонович,Ася,1231,144
Булгаков Михаил Афанасьевич,Детство,1172,274
Толстой Алексей Николаевич,Анна Каренина,1926,1863
Некрасов Виктор Платонович,Шинель,1342,1738
Толстой Алексей Николаевич,Дама с собачкой,1804,746
Тургенев Иван Сергеевич,Медный всадник,2018,433
Булгаков Михаил Афанасьевич,Идиот,1656,1457
Шолохов Михаил Александрович,Анна Каренина,1834,741
Толстой Лев Николаевич,В окопах Сталинграда,1609,59
Тургенев Иван Сергеевич,Тихий Дон,1133,165
