author,title,year,pages
Грибоедов Александр Сергеевич,Мертвые души,1824,903
Толстой Лев Николаевич,Аэлита,1870,1224
Пушкин Александр Сергеевич,Тарас Бульба,1932,684
Грин Александр Степанович,Мертвые души,1907,982
Петров Евгений Петрович,Идиот,1838,1287
Лермонтов Михаил Юрьевич,Война и мир,1907,333
Островский Александр Николаевич,Записки охотника,1865,123
Некрасов Виктор Платонович,Ионыч,1960,215
Толстой Лев Николаевич,Лёгкое дыхание,1993,148
Грибоедов Александр Сергеевич,Белая гвардия,1925,713
Маяковский Владимир Владимирович,Морфий,1917,588
Ильф Илья Арнольдович,Вий,1872,642
Толстой Алексей Николаевич,Белые ночи,2003,1111
Островский Александр Николаевич,Рядовой Лютиков,1936,687
Салтыков-Щедрин Михаил Евграфович,Хождение по мукам,1880,50
Добролюбов Николай Александрович,Маленькая печальная повесть,1970,925
Толстой Лев Николаевич,Анна Каренина,1861,1059
Стругацкий Аркадий Натанович,Вий,1873,1327
Набоков Владимир Владимирович,Дом с мезонином,1901,1446
Пастернак Борис Леонидович,Вишнёвый сад,1844,631
Толстой Лев Николаевич,Железная дорога,1990,195
Мандельштам Осип Эмильевич,Листопад,1898,941
Маяковский Владимир Владимирович,Мертвые души,1921,111
Есенин Сергей Александрович,Дом с мезонином,1872,1260
Ильф Илья Арнольдович,Идиот,1878,594
Грин Александр Степанович,Бесы,1900,1127
Салтыков-Щедрин Михаил Евграфович,Отцы и дети,1931,370
Куприн Александр Иванович,Вий,1906,1002
Беляев Александр Романович,В окопах Сталинграда,1801,1410
Стругацкий Борис Натанович,Донские рассказы,1999,335
Некрасов Николай Алексеевич,Шинель,2003,90
Горький Максим,Собачье сердце,1875,133
Некрасов Виктор Платонович,В окопах Сталинграда,1987,566
Толстой Лев Николаевич,Железная дорога,1996,1088
Толстой Алексей Николаевич,Шинель,1980,166
Набоков Владимир Владимирович,Хамелеон,1967,989
Стругацкий Аркадий Натанович,В окопах Сталинграда,1925,1245
Ахматова Анна Андреевна,Рядовой Лютиков,1895,1414
Пушкин Александр Сергеевич,Ионыч,1897,1425
Бродский Иосиф Александрович,Вишнёвый сад,1931,1350
Добролюбов Николай Александрович,Белые ночи,1888,340
Платонов Андрей Платонович,Русские женщины,1907,1172
Есенин Сергей Александрович,Преступление и наказание,1945,986
Грин Александр Степанович,Крестьянские дети,1828,1289
Набоков Владимир Владимирович,Преступление и наказание,1959,952
Гоголь Николай Васильевич,Собачье сердце,1836,1295
Чехов Антон Павлович,Белая гвардия,1911,710
Стругацкий Борис Натанович,Донские рассказы,1899,1285
Островский Александр Николаевич,Русские женщины,1945,627
Островский Александр Николаевич,Антоновские яблоки,1949,471
Толстой Лев Николаевич,Идиот,1974,1396
Толстой Лев Николаевич,Рядовой Лютиков,1837,1022
Чехов Антон Павлович,Ревизор,1901,342
Толстой Лев Николаевич,Морфий,2012,1286
Ахматова Анна Андреевна,Детство,1979,696
Добролюбов Николай Александрович,Железная дорога,1819,415
Чернышевский Николай Гаврилович,Евгений Онегин,1858,132
Тургенев Иван Сергеевич,Тарас Бульба,2008,396
Есенин Сергей Александрович,Первая любовь,1924,1070
Чехов Антон Павлович,Судьба человека,1894,922
Толстой Лев Николаевич,Тёмные аллеи,1992,625
Чернышевский Николай Гаврилович,Аэлита,1815,627
Стругацкий Борис Натанович,Рядовой Лютиков,1965,350
Толстой Лев Николаевич,Лёгкое дыхание,1842,304
Блок Александр Александрович,Русские женщины,1862,655
Толстой Лев Николаевич,Мертвые души,1999,1147
Есенин Сергей Александрович,Ионыч,1938,435
Ахматова Анна Андреевна,Пётр Первый,1940,447
Лермонтов Михаил Юрьевич,Белая гвардия,1867,362
Грибоедов Александр Сергеевич,Евгений Онегин,1984,949
Набоков Владимир Владимирович,Пётр Первый,1873,639
Ильф Илья Арнольдович,Тихий Дон,1947,793
Горький Максим,Тихий Дон,1806,114
Пушкин Александр Сергеевич,Шинель,1813,1222
Куприн Александр Иванович,Детство,1849,325
Островский Александр Николаевич,Ионыч,1973,622
Толстой Лев Николаевич,Собачье сердце,2005,1090
Стругацкий Аркадий Натанович,Хамелеон,1897,787
Замятин Евгений Иванович,Дом с мезонином,1854,259
Ильф Илья Арнольдович,Кому на Руси жить хорошо,1886,502
Блок Александр Александрович,Братья Карамазовы,2024,1136
Некрасов Виктор Платонович,Идиот,1897,481
Пушкин Александр Сергеевич,Тёмные аллеи,1965,613
Ильф Илья Арнольдович,Морфий,1972,649
Ахматова Анна Андреевна,Медный всадник,1891,443
Салтыков-Щедрин Михаил Евграфович,Аэлита,1911,652
Гоголь Николай Васильевич,Детство,1872,912
Пушкин Александр Сергеевич,Листопад,1906,1263
Ахматова Анна Андреевна,Маленькая печальная повесть,1893,807
Островский Александр Николаевич,Вишнёвый сад,1988,708
Гоголь Николай Васильевич,Листопад,1977,478
Грин Александр Степанович,Морфий,1813,466
Некрасов Николай Алексеевич,Братья Карамазовы,1974,1177
Некрасов Николай Алексеевич,Записки охотника,1819,1330
Ахматова Анна Андреевна,Ревизор,1903,923
Толстой Лев Николаевич,Судьба человека,1822,1327
Толстой Лев Николаевич,Аэлита,2008,733
Толстой Лев Николаевич,Вишнёвый сад,1868,289
Куприн Александр Иванович,Преступление и наказание,1808,1234
Пастернак Борис Леонидович,Ионыч,1952,1017
Бунин Иван Алексеевич,Ася,1841,764
Гоголь Николай Васильевич,Аэлита,1868,286
Толстой Лев Николаевич,Тарас Бульба,1867,1061
Замятин Евгений Иванович,Ася,1892,1494
Беляев Александр Романович,Тёмные аллеи,1859,1023
Достоевский Фёдор Михайлович,Митина любовь,1928,798
Шолохов Михаил Александрович,Железная дорога,1908,1210
Некрасов Николай Алексеевич,Хождение по мукам,1854,1111
Куприн Александр Иванович,Лёгкое дыхание,1816,1253
Тургенев Иван Сергеевич,Маленькая печальная повесть,1917,1454
Цветаева Марина Ивановна,Вишнёвый сад,1853,1271
Грибоедов Александр Сергеевич,Рядовой Лютиков,1845,196
Некрасов Николай Алексеевич,Белые ночи,1903,166
Бродский Иосиф Александрович,Хождение по мукам,1976,1216
Толстой Лев Николаевич,Рядовой Лютиков,1992,65
Стругацкий Борис Натанович,Вий,1940,464
Толстой Лев Николаевич,Железная дорога,1949,1116
Толстой Лев Николаевич,Ионыч,1993,799
Куприн Александр Иванович,Медный всадник,1910,110
Цветаева Марина Ивановна,Шинель,1801,78
Тургенев Иван Сергеевич,Братья Карамазовы,1819,264
Мандельштам Осип Эмильевич,Маленькая печальная повесть,1806,810
Петров Евгений Петрович,Евгений Онегин,1847,1237
Достоевский Фёдор Михайлович,Мастер и Маргарита,1983,195
Грин Александр Степанович,Морфий,1956,1154
Набоков Владимир Владимирович,Хамелеон,1814,799
Петров Евгений Петрович,Аэлита,1837,832
Есенин Сергей Александрович,Мастер и Маргарита,1824,1072
Горький Максим,Морфий,1853,512
Горький Максим,Ася,2015,1063
Беляев Александр Романович,Преступление и наказание,2016,1054
Горький Максим,Записки охотника,1898,144
Гоголь Николай Васильевич,Аэлита,1943,774
Тургенев Иван Сергеевич,Аэлита,1985,805
Тургенев Иван Сергеевич,В окопах Сталинграда,1890,617
Толстой Лев Николаевич,Судьба человека,1906,1120
Замятин Евгений Иванович,Донские рассказы,1922,642
Толстой Алексей Николаевич,Война и мир,1814,610
Чернышевский Николай Гаврилович,Война и мир,1811,796
Толстой Алексей Николаевич,Записки охотника,1899,254
Платонов Андрей Платонович,Судьба человека,1907,176
Мандельштам Осип Эмильевич,Рядовой Лютиков,1971,1345
Грин Александр Степанович,Вишнёвый сад,1824,595
Блок Александр Александрович,Крестьянские дети,2015,1201
Грибоедов Александр Сергеевич,Медный всадник,1831,1234
Толстой Лев Николаевич,Белая гвардия,2015,356
Добролюбов Николай Александрович,Тёмные аллеи,1957,1236
Толстой Лев Николаевич,Дом с мезонином,1843,1122
Ильф Илья Арнольдович,Хамелеон,1903,708
Замятин Евгений Иванович,Тарас Бульба,1949,325
Пастернак Борис Леонидович,Ася,1810,1444
Добролюбов Николай Александрович,Идиот,1985,527
Грин Александр Степанович,Преступление и наказание,1857,1365
Беляев Александр Романович,Записки охотника,1943,972
Есенин Сергей Александрович,Судьба человека,1803,1451
Ильф Илья Арнольдович,Кому на Руси жить хорошо,1978,1235
Ильф Илья Арнольдович,Шинель,1884,221
Стругацкий Борис Натанович,Хамелеон,1920,50
Толстой Лев Николаевич,Донские рассказы,1937,1280
Некрасов Виктор Платонович,Морфий,1845,263
Толстой Лев Николаевич,Тарас Бульба,1950,1463
Есенин Сергей Александрович,Антоновские яблоки,1821,936
Ахматова Анна Андреевна,Идиот,1806,987
Замятин Евгений Иванович,Белые ночи,1948,570
Некрасов Николай Алексеевич,Маленькая печальная повесть,1962,300
Толстой Лев Николаевич,Белая гвардия,1919,1421
Мандельштам Осип Эмильевич,Пётр Первый,1954,1038
Горький Максим,Мертвые души,1841,652
Толстой Лев Николаевич,Отцы и дети,1875,820
Толстой Лев Николаевич,Тёмные аллеи,2015,530
Куприн Александр Иванович,Преступление и наказание,1996,646
Толстой Лев Николаевич,Дама с собачкой,1822,1418
Островский Александр Николаевич,Русские женщины,1974,1207
Тургенев Иван Сергеевич,Рядовой Лютиков,1981,471
Петров Евгений Петрович,Русские женщины,1817,408
Пастернак Борис Леонидович,Ионыч,1978,1375
Толстой Лев Николаевич,Мертвые души,1855,655
Мандельштам Осип Эмильевич,Судьба человека,1929,76
Есенин Сергей Александрович,Мастер и Маргарита,1813,1278
Салтыков-Щедрин Михаил Евграфович,Тарас Бульба,1999,1237
Добролюбов Николай Александрович,Детство,1831,394
Толстой Лев Николаевич,Дама с собачкой,2023,875
Бродский Иосиф Александрович,Хождение по мукам,1834,482
Лесков Николай Семёнович,Ася,1989,879
Салтыков-Щедрин Михаил Евграфович,Кому на Руси жить хорошо,1857,1421
Ахматова Анна Андреевна,В окопах Сталинграда,1872,407
Грин Александр Степанович,Маленькая печальная повесть,1971,597
Маяковский Владимир Владимирович,Листопад,1843,1048
Горький Максим,Собачье сердце,1877,68
Толстой Лев Николаевич,Рядовой Лютиков,1933,72
Ильф Илья Арнольдович,Дом с мезонином,1861,274
Лесков Николай Семёнович,Антоновские яблоки,1920,1045
Бродский Иосиф Александрович,Ася,1985,975
Чехов Антон Павлович,Тёмные аллеи,1947,945
Мандельштам Осип Эмильевич,Тарас Бульба,1892,751
Грибоедов Александр Сергеевич,Первая любовь,2010,776
Лермонтов Михаил Юрьевич,Детство,1840,1457
Пастернак Борис Леонидович,Донские рассказы,1816,1451
Маяковский Владимир Владимирович,Вий,1810,1210
Некрасов Виктор Платонович,Ионыч,2018,1308
Чехов Антон Павлович,Листопад,2006,88
Маяковский Владимир Владимирович,Лёгкое дыхание,1998,144
Некрасов Виктор Платонович,Дама с собачкой,1856,457
Салтыков-Щедрин Михаил Евграфович,Первая любовь,2006,669
Набоков Владимир Владимирович,Вишнёвый сад,1875,276
Мандельштам Осип Эмильевич,Донские рассказы,1945,1394
Маяковский Владимир Владимирович,Медный всадник,1968,587
Некрасов Николай Алексеевич,Хождение по мукам,1865,774
Платонов Андрей Платонович,Евгений Онегин,2020,360
Толстой Лев Николаевич,Маленькая печальная повесть,1986,517
Некрасов Николай Алексеевич,Пётр Первый,1920,228
Толстой Лев Николаевич,Рядовой Лютиков,1814,1201
Булгаков Михаил Афанасьевич,Записки охотника,1981,1486
Толстой Лев Николаевич,Листопад,1805,897
Некрасов Николай Алексеевич,Русские женщины,1856,632
Лермонтов Михаил Юрьевич,Листопад,1880,380
Чехов Антон Павлович,Отцы и дети,1912,166
Бродский Иосиф Александрович,Ионыч,1887,400
Шолохов Михаил Александрович,Война и мир,2022,228
Цветаева Марина Ивановна,Детство,1916,1265
Грин Александр Степанович,Судьба человека,1877,272
Салтыков-Щедрин Михаил Евграфович,Война и мир,1813,348
Стругацкий Аркадий Натанович,Кому на Руси жить хорошо,1832,851
Достоевский Фёдор Михайлович,Аэлита,2003,1303
Платонов Андрей Платонович,Бесы,1946,753
Шолохов Михаил Александрович,Тарас Бульба,1951,1496
Грин Александр Степанович,Мертвые души,2024,131
Толстой Лев Николаевич,Ревизор,1869,1254
Добролюбов Николай Александрович,Железная дорога,1994,1487
Замятин Евгений Иванович,Собачье сердце,1880,1104
Стругацкий Борис Натанович,Вий,1967,513
Достоевский Фёдор Михайлович,Хождение по мукам,1912,714
Некрасов Николай Алексеевич,Отцы и дети,2007,1347
Лермонтов Михаил Юрьевич,Шинель,1985,419
Достоевский Фёдор Михайлович,Мастер и Маргарита,1962,1271
Есенин Сергей Александрович,Воскресение,1889,972
Добролюбов Николай Александрович,Морфий,1969,676
Ильф Илья Арнольдович,Листопад,1958,67
Салтыков-Щедрин Михаил Евграфович,В окопах Сталинграда,1814,1478
Шолохов Михаил Александрович,Судьба человека,2006,324
Замятин Евгений Иванович,Идиот,1841,1193
Платонов Андрей Платонович,Кому на Руси жить хорошо,1970,995
Маяковский Владимир Владимирович,Первая любовь,1816,947
Салтыков-Щедрин Михаил Евграфович,Морфий,1992,796
Толстой Лев Николаевич,Белая гвардия,1976,848
Толстой Лев Николаевич,Ионыч,1851,351
Блок Александр Александрович,Аэлита,1853,1400
Чернышевский Николай Гаврилович,Аэлита,1944,1311
Блок Александр Александрович,Донские рассказы,1832,1303
Ильф Илья Арнольдович,Записки охотника,1825,869
Петров Евгений Петрович,Белые ночи,1895,462
Чехов Антон Павлович,Ревизор,1930,1355
Петров Евгений Петрович,Листопад,2005,496
Шолохов Михаил Александрович,Детство,1865,634
Пастернак Борис Леонидович,Кому на Руси жить хорошо,2002,98
Цветаева Марина Ивановна,Кому на Руси жить хорошо,1876,931
Толстой Лев Николаевич,Судьба человека,2019,399
Тургенев Иван Сергеевич,Бесы,1870,460
Петров Евгений Петрович,Аэлита,1925,518
Грибоедов Александр Сергеевич,Аэлита,2003,859
Добролюбов Николай Александрович,Ионыч,1982,517
Маяковский Владимир Владимирович,Листопад,1800,840
Набоков Владимир Владимирович,Белые ночи,1907,1400
Лесков Николай Семёнович,Тёмные аллеи,1943,602
Толстой Лев Николаевич,Братья Карамазовы,1882,825
Лермонтов Михаил Юрьевич,Братья Карамазовы,1849,1376
Горький Максим,Вий,1841,368
Салтыков-Щедрин Михаил Евграфович,Хождение по мукам,1961,552
Бродский Иосиф Александрович,Анна Каренина,1848,212
Чернышевский Николай Гаврилович,Воскресение,1967,365
Толстой Лев Николаевич,Дом с мезонином,1877,1075
Замятин Евгений Иванович,Кому на Руси жить хорошо,1910,1018
Лесков Николай Семёнович,Листопад,1841,1376
Замятин Евгений Иванович,Вишнёвый сад,1927,182
Достоевский Фёдор Михайлович,Шинель,1914,457
Достоевский Фёдор Михайлович,Дом с мезонином,2018,1293
Пушкин Александр Сергеевич,Кому на Руси жить хорошо,1939,89
Стругацкий Аркадий Натанович,Кому на Руси жить хорошо,1838,1217
Ахматова Анна Андреевна,Собачье сердце,1861,73
Грин Александр Степанович,Хамелеон,1882,1441
Шолохов Михаил Александрович,Митина любовь,1992,682
Пушкин Александр Сергеевич,Митина любовь,1856,1039
Чехов Антон Павлович,Белая гвардия,1887,214
Петров Евгений Петрович,Тёмные аллеи,1922,752
Горький Максим,Братья Карамазовы,2023,1162
Стругацкий Борис Натанович,Идиот,1909,1193
Чехов Антон Павлович,Хамелеон,1803,768
Добролюбов Николай Александрович,Митина любовь,1864,745
Пастернак Борис Леонидович,Листопад,1817,685
Беляев Александр Романович,Хамелеон,1946,1146
Толстой Лев Николаевич,Мастер и Маргарита,1910,594
Чернышевский Николай Гаврилович,Воскресение,1972,955
Толстой Лев Николаевич,Преступление и наказание,1931,684
Замятин Евгений Иванович,Донские рассказы,1927,493
Стругацкий Аркадий Натанович,Тёмные аллеи,1811,1134
Блок Александр Александрович,Митина любовь,1869,798
Лермонтов Михаил Юрьевич,Хамелеон,1841,378
Стругацкий Борис Натанович,Кому на Руси жить хорошо,1890,726
Булгаков Михаил Афанасьевич,Ревизор,2025,765
Бунин Иван Алексеевич,Мертвые души,1858,934
Платонов Андрей Платонович,Отцы и дети,1873,1328
Лесков Николай Семёнович,Братья Карамазовы,1847,571
Толстой Лев Николаевич,Донские рассказы,1903,792
Чернышевский Николай Гаврилович,Судьба человека,1887,982
Грин Александр Степанович,Воскресение,1976,523
Есенин Сергей Александрович,Отцы и дети,1819,682
Лесков Николай Семёнович,Листопад,1838,100
Бродский Иосиф Александрович,Воскресение,2007,1183
Некрасов Виктор Платонович,Хамелеон,1893,1461
Добролюбов Николай Александрович,Белые ночи,1948,465
Стругацкий Борис Натанович,Анна Каренина,1840,1231
Некрасов Николай Алексеевич,Собачье сердце,1985,326
Мандельштам Осип Эмильевич,Вий,1888,1008
Ахматова Анна Андреевна,Пётр Первый,1825,404
Толстой Лев Николаевич,Вий,1899,301
Мандельштам Осип Эмильевич,Морфий,1983,236
Толстой Алексей Николаевич,Листопад,1959,459
Грин Александр Степанович,Анна Каренина,1935,979
Грин Александр Степанович,Морфий,1832,1345
Блок Александр Александрович,Записки охотника,1995,208
Ильф Илья Арнольдович,Вишнёвый сад,1997,1028
Горький Максим,Ионыч,2012,1445
Маяковский Владимир Владимирович,Ася,2024,1186
Островский Александр Николаевич,Тёмные аллеи,1908,696
Платонов Андрей Платонович,Война и мир,1863,1088
Стругацкий Борис Натанович,Аэлита,1908,1011
Беляев Александр Романович,Детство,1871,1498
Булгаков Михаил Афанасьевич,Вий,1878,753
Салтыков-Щедрин Михаил Евграфович,Братья Карамазовы,1801,1287
Набоков Владимир Владимирович,Тарас Бульба,1831,1324
Гоголь Николай Васильевич,Листопад,1880,1372
Булгаков Михаил Афанасьевич,Война и мир,1862,458
Чехов Антон Павлович,Воскресение,1827,357
Толстой Лев Николаевич,Кому на Руси жить хорошо,1824,211
Грибоедов Александр Сергеевич,Пётр Первый,1982,595
Мандельштам Осип Эмильевич,Записки охотника,1983,1462
Пушкин Александр Сергеевич,Железная дорога,1994,442
Платонов Андрей Платонович,Листопад,1874,408
Блок Александр Александрович,Идиот,2000,1190
Некрасов Николай Алексеевич,Воскресение,1942,1192
Чехов Антон Павлович,Детство,1872,1432
Толстой Лев Николаевич,Вишнёвый сад,1811,586
Толстой Лев Николаевич,Преступление и наказание,1816,1277
Набоков Владимир Владимирович,Белые ночи,1872,149
Мандельштам Осип Эмильевич,Хождение по мукам,1923,533
Маяковский Владимир Владимирович,Листопад,1889,1499
Бродский Иосиф Александрович,Крестьянские дети,1847,905
Тургенев Иван Сергеевич,Донские рассказы,1900,844
Ахматова Анна Андреевна,Хамелеон,1820,1335
Грин Александр Степанович,Вишнёвый сад,2024,502
Цветаева Марина Ивановна,Крестьянские дети,1838,573
Шолохов Михаил Александрович,Ионыч,1943,1119
Салтыков-Щедрин Михаил Евграфович,Ионыч,2018,1450
Добролюбов Николай Александрович,Донские рассказы,2008,1087
Беляев Александр Романович,Белая гвардия,1821,1448
Чехов Антон Павлович,Вий,1934,1477
Блок Александр Александрович,Дама с собачкой,1980,743
Лермонтов Михаил Юрьевич,Отцы и дети,2020,149
Грин Александр Степанович,Хождение по мукам,1883,1412
Мандельштам Осип Эмильевич,Детство,1872,811
Толстой Лев Николаевич,Отцы и дети,1947,113
Толстой Лев Николаевич,Пётр Первый,2004,217
Толстой Лев Николаевич,Мертвые души,1829,52
Грин Александр Степанович,Братья Карамазовы,2020,1447
Стругацкий Аркадий Натанович,Мертвые души,1874,1370
Шолохов Михаил Александрович,Бесы,1866,545
Петров Евгений Петрович,Судьба человека,2006,121
Есенин Сергей Александрович,Белые ночи,1847,354
Грин Александр Степанович,Мастер и Маргарита,1902,263
Цветаева Марина Ивановна,Анна Каренина,2011,99
Стругацкий Борис Натанович,Белая гвардия,1968,1055
Набоков Владимир Владимирович,Митина любовь,1925,1239
Петров Евгений Петрович,Медный всадник,1983,639
Есенин Сергей Александрович,Морфий,1885,1125
Стругацкий Борис Натанович,Тихий Дон,1964,1015
Петров Евгений Петрович,Детство,1976,85
Чернышевский Николай Гаврилович,Аэлита,1928,1210
Толстой Алексей Николаевич,Идиот,1867,144
Ильф Илья Арнольдович,Собачье сердце,2004,916
Набоков Владимир Владимирович,Шинель,1820,468
Чехов Антон Павлович,Ревизор,1932,286
Достоевский Фёдор Михайлович,Собачье сердце,1881,67
Салтыков-Щедрин Михаил Евграфович,Пётр Первый,1975,1279
Шолохов Михаил Александрович,Война и мир,1898,535
Куприн Александр Иванович,Евгений Онегин,1950,875
Горький Максим,Первая любовь,1891,493
Толстой Лев Николаевич,Ионыч,1988,1055
Некрасов Виктор Платонович,Вий,1980,1495
Некрасов Виктор Платонович,Медный всадник,1826,851
Набоков Владимир Владимирович,Медный всадник,1998,703
Пастернак Борис Леонидович,Крестьянские дети,1966,869
Толстой Алексей Николаевич,Медный всадник,1907,161
Горький Максим,Война и мир,1981,917
Толстой Лев Николаевич,Медный всадник,1925,1034
Стругацкий Борис Натанович,Вишнёвый сад,1907,687
Ахматова Анна Андреевна,Тихий Дон,1965,353
Куприн Александр Иванович,Ася,1908,1435
Грибоедов Александр Сергеевич,Кому на Руси жить хорошо,1949,345
Бунин Иван Алексеевич,Морфий,1941,302
Толстой Лев Николаевич,Идиот,1950,293
Толстой Лев Николаевич,Тихий Дон,1847,791
Толстой Лев Николаевич,Бесы,1900,544
Толстой Лев Николаевич,Детство,1837,633
Чернышевский Николай Гаврилович,Воскресение,1970,1135
Чехов Антон Павлович,Белые ночи,1925,344
Толстой Лев Николаевич,Преступление и наказание,2008,822
Стругацкий Борис Натанович,Вишнёвый сад,1975,723
Блок Александр Александрович,Вий,1864,1387
Бродский Иосиф Александрович,Вишнёвый сад,1856,1179
Маяковский Владимир Владимирович,Идиот,1857,695
Блок Александр Александрович,Дом с мезонином,1905,692
Петров Евгений Петрович,Ревизор,1869,727
Некрасов Николай Алексеевич,Листопад,1913,943
Грибоедов Александр Сергеевич,Митина любовь,1917,689
Салтыков-Щедрин Михаил Евграфович,Донские рассказы,1917,119
Салтыков-Щедрин Михаил Евграфович,Пётр Первый,1985,230
Пастернак Борис Леонидович,Хамелеон,1920,106
Островский Александр Николаевич,Вишнёвый сад,1856,949
Ильф Илья Арнольдович,Судьба человека,1870,546
Толстой Лев Николаевич,Вий,1836,1495
Добролюбов Николай Александрович,Хамелеон,1825,113
Есенин Сергей Александрович,Маленькая печальная повесть,1857,560
Ильф Илья Арнольдович,Вишнёвый сад,1813,1294
Набоков Владимир Владимирович,Война и мир,1873,498
Цветаева Марина Ивановна,Белые ночи,1993,666
Мандельштам Осип Эмильевич,Идиот,2020,252
Стругацкий Аркадий Натанович,Крестьянские дети,1936,903
Островский Александр Николаевич,Судьба человека,1858,159
Достоевский Фёдор Михайлович,Антоновские яблоки,1987,1196
Некрасов Николай Алексеевич,Вишнёвый сад,2014,109
Пушкин Александр Сергеевич,Преступление и наказание,2000,348
Стругацкий Аркадий Натанович,Кому на Руси жить хорошо,1885,763
Петров Евгений Петрович,Ася,1809,417
Добролюбов Николай Александрович,Судьба человека,1953,887
Лермонтов Михаил Юрьевич,Антоновские яблоки,1817,485
Лесков Николай Семёнович,Митина любовь,1901,84
Маяковский Владимир Владимирович,Ревизор,1977,798
Мандельштам Осип Эмильевич,Первая любовь,1809,760
Мандельштам Осип Эмильевич,Тёмные аллеи,1832,1280
Чернышевский Николай Гаврилович,Мертвые души,1996,542
Стругацкий Аркадий Натанович,Мертвые души,1952,1094
Есенин Сергей Александрович,Первая любовь,1823,1477
Набоков Владимир Владимирович,Белая гвардия,1860,1028
Пушкин Александр Сергеевич,Белая гвардия,1809,1422
Некрасов Виктор Платонович,Кому на Руси жить хорошо,1956,281
Блок Александр Александрович,Медный всадник,1939,1359
Толстой Лев Николаевич,Крестьянские дети,1986,287
Пушкин Александр Сергеевич,Дама с собачкой,1985,1428
Некрасов Николай Алексеевич,В окопах Сталинграда,1953,870
Стругацкий Аркадий Натанович,Митина любовь,1839,666
Грин Александр Степанович,Лёгкое дыхание,1852,1054
Набоков Владимир Владимирович,Морфий,1913,1100
Мандельштам Осип Эмильевич,Воскресение,1973,894
Мандельштам Осип Эмильевич,Шинель,1803,502
Добролюбов Николай Александрович,Ревизор,2015,1320
Толстой Лев Николаевич,Записки охотника,1952,652
Петров Евгений Петрович,Тихий Дон,2004,716
Бунин Иван Алексеевич,Война и мир,1958,519
Гоголь Николай Васильевич,Рядовой Лютиков,2010,1003
Шолохов Михаил Александрович,Анна Каренина,1817,414
Булгаков Михаил Афанасьевич,Идиот,1812,626
Ахматова Анна Андреевна,Судьба человека,1969,202
Гоголь Николай Васильевич,Братья Карамазовы,1999,1311
Стругацкий Аркадий Натанович,Идиот,1810,568
Горький Максим,Митина любовь,1946,262
Салтыков-Щедрин Михаил Евграфович,Евгений Онегин,1939,1380
Некрасов Виктор Платонович,Бесы,1889,312
Грин Александр Степанович,Морфий,1908,114
Есенин Сергей Александрович,Хождение по мукам,1934,439
Лесков Николай Семёнович,Шинель,1969,545
Островский Александр Николаевич,Дом с мезонином,2014,749
Куприн Александр Иванович,Преступление и наказание,2000,174
Ахматова Анна Андреевна,Хамелеон,1942,56
Островский Александр Николаевич,Шинель,1940,1433
Пастернак Борис Леонидович,Воскресение,1977,143
Некрасов Николай Алексеевич,Хождение по мукам,1812,1382
Булгаков Михаил Афанасьевич,Первая любовь,1821,864
Гоголь Николай Васильевич,Евгений Онегин,1954,416
Ахматова Анна Андреевна,Железная дорога,1907,506
Петров Евгений Петрович,Антоновские яблоки,1911,163
Добролюбов Николай Александрович,Морфий,1913,784
Пушкин Александр Сергеевич,Белые ночи,1917,765
Грин Александр Степанович,Война и мир,1827,816
Есенин Сергей Александрович,Антоновские яблоки,1917,893
Грин Александр Степанович,Белые ночи,2019,1007
Салтыков-Щедрин Михаил Евграфович,Белые ночи,1813,880
Ахматова Анна Андреевна,Ионыч,1889,488
Булгаков Михаил Афанасьевич,Дама с собачкой,1851,952
Пушкин Александр Сергеевич,Тарас Бульба,1843,667
Лесков Николай Семёнович,Листопад,1854,853
Бродский Иосиф Александрович,Первая любовь,1967,654
Толстой Лев Николаевич,Митина любовь,1882,220
Маяковский Владимир Владимирович,Русские женщины,1894,222
Грин Александр Степанович,Тёмные аллеи,2002,1081
Толстой Лев Николаевич,Анна Каренина,1914,548
Лесков Николай Семёнович,Мертвые души,1870,591
Толстой Лев Николаевич,Бесы,1868,744
Беляев Александр Романович,Детство,1937,1171
Мандельштам Осип Эмильевич,Тёмные аллеи,1884,1253
Бунин Иван Алексеевич,Воскресение,1829,624
Толстой Лев Николаевич,Крестьянские дети,1935,112
Салтыков-Щедрин Михаил Евграфович,Листопад,1962,404
Салтыков-Щедрин Михаил Евграфович,Записки охотника,1813,711
Толстой Лев Николаевич,Ася,2013,1150
Бунин Иван Алексеевич,Белая гвардия,1884,1274
Толстой Лев Николаевич,Хамелеон,1854,660
Лермонтов Михаил Юрьевич,Первая любовь,1914,1344
Беляев Александр Романович,Хамелеон,1946,113
Набоков Владимир Владимирович,Ионыч,1880,792
Грин Александр Степанович,Ревизор,1902,1280
Бунин Иван Алексеевич,Морфий,1807,302
Островский Александр Николаевич,Тихий Дон,1981,705
Ильф Илья Арнольдович,Русские женщины,1973,901
Лесков Николай Семёнович,Крестьянские дети,1903,402
Блок Александр Александрович,Война и мир,1853,701
Чехов Антон Павлович,Морфий,1959,250
Грибоедов Александр Сергеевич,В окопах Сталинграда,1895,67
Толстой Лев Николаевич,В окопах Сталинграда,1970,1367
Набоков Владимир Владимирович,Митина любовь,1862,1115
Толстой Лев Николаевич,Антоновские яблоки,1961,185
Беляев Александр Романович,Пётр Первый,1955,1315
Некрасов Виктор Платонович,Первая любовь,1854,797
Некрасов Виктор Платонович,Анна Каренина,1935,1040
Мандельштам Осип Эмильевич,Дом с мезонином,2022,694
Толстой Лев Николаевич,Белые ночи,1905,1273
Лермонтов Михаил Юрьевич,Анна Каренина,1814,161
Горький Максим,Воскресение,1891,710
Замятин Евгений Иванович,Вий,1806,840
Пушкин Александр Сергеевич,Тихий Дон,1830,1301
Бродский Иосиф Александрович,Дама с собачкой,1835,340
Чернышевский Николай Гаврилович,Бесы,2019,594
Платонов Андрей Платонович,Тарас Бульба,1890,639
Лермонтов Михаил Юрьевич,Евгений Онегин,1925,1001
Чернышевский Николай Гаврилович,Мастер и Маргарита,2016,363
Горький Максим,Тарас Бульба,1880,630
Некрасов Виктор Платонович,Война и мир,1932,60
Толстой Лев Николаевич,Шинель,1844,450
Толстой Лев Николаевич,Записки охотника,1891,1409
Салтыков-Щедрин Михаил Евграфович,Русские женщины,1814,492
Блок Александр Александрович,Хамелеон,1927,218
Бродский Иосиф Александрович,Записки охотника,1887,635
Замятин Евгений Иванович,Пётр Первый,1903,922
Мандельштам Осип Эмильевич,Митина любовь,1886,979
Лермонтов Михаил Юрьевич,Вий,1864,1144
Куприн Александр Иванович,Ионыч,1948,890
Петров Евгений Петрович,Записки охотника,1993,314
Стругацкий Борис Натанович,Донские рассказы,1889,907
Ахматова Анна Андреевна,Идиот,1954,1398
Шолохов Михаил Александрович,Хамелеон,1985,1256
Стругацкий Аркадий Натанович,Лёгкое дыхание,1801,601
Грибоедов Александр Сергеевич,Пётр Первый,1876,995
Блок Александр Александрович,Тарас Бульба,1880,1117
Блок Александр Александрович,Вишнёвый сад,1915,718
Чернышевский Николай Гаврилович,Рядовой Лютиков,1819,940
Толстой Лев Николаевич,Крестьянские дети,1897,1226
Чернышевский Николай Гаврилович,Судьба человека,1820,223
Островский Александр Николаевич,Аэлита,2005,746
Толстой Лев Николаевич,Крестьянские дети,2021,575
Пушкин Александр Сергеевич,Хамелеон,1994,475
Лермонтов Михаил Юрьевич,Крестьянские дети,1994,473
Толстой Лев Николаевич,Ася,1997,80
Лермонтов Михаил Юрьевич,Рядовой Лютиков,1982,1228
Добролюбов Николай Александрович,Тёмные аллеи,1882,411
Толстой Лев Николаевич,Первая любовь,1972,947
Есенин Сергей Александрович,Крестьянские дети,1910,1295
Островский Александр Николаевич,Ревизор,2025,60
Беляев Александр Романович,Донские рассказы,1812,1325
Салтыков-Щедрин Михаил Евграфович,Записки охотника,1956,503
Булгаков Михаил Афанасьевич,Листопад,1937,578
Толстой Лев Николаевич,Маленькая печальная повесть,1878,537
Ахматова Анна Андреевна,Тихий Дон,1841,544
Толстой Лев Николаевич,Рядовой Лютиков,1947,1138
Пастернак Борис Леонидович,Ася,1937,951
Бродский Иосиф Александрович,Кому на Руси жить хорошо,1923,344
Островский Александр Николаевич,Братья Карамазовы,2010,992
Ильф Илья Арнольдович,Листопад,2004,930
Тургенев Иван Сергеевич,Хождение по мукам,1997,494
Маяковский Владимир Владимирович,Донские рассказы,1810,646
Куприн Александр Иванович,Крестьянские дети,1989,850
Бродский Иосиф Александрович,Ревизор,1993,711
Лермонтов Михаил Юрьевич,Судьба человека,1926,1177
Некрасов Виктор Платонович,Белая гвардия,1904,1105
Толстой Лев Николаевич,Маленькая печальная повесть,2005,1104
Достоевский Фёдор Михайлович,Донские рассказы,1806,674
Толстой Лев Николаевич,Собачье сердце,1978,1440
Тургенев Иван Сергеевич,Лёгкое дыхание,1873,427
Лесков Николай Семёнович,Тёмные аллеи,1910,417
Островский Александр Николаевич,Митина любовь,1830,1316
Петров Евгений Петрович,Бесы,1890,942
Толстой Лев Николаевич,Маленькая печальная повесть,1877,720
Бродский Иосиф Александрович,Вишнёвый сад,1996,359
Стругацкий Борис Натанович,Маленькая печальная повесть,1800,619
Набоков Владимир Владимирович,Медный всадник,1877,1255
Гоголь Николай Васильевич,Хождение по мукам,1809,1301
Куприн Александр Иванович,Собачье сердце,1961,1312
Грибоедов Александр Сергеевич,Хождение по мукам,1894,1027
Добролюбов Николай Александрович,Судьба человека,1850,311
Пушкин Александр Сергеевич,Отцы и дети,1951,839
Беляев Александр Романович,Аэлита,1848,1157
Достоевский Фёдор Михайлович,Идиот,1910,189
Тургенев Иван Сергеевич,Отцы и дети,1949,1202
Булгаков Михаил Афанасьевич,Война и мир,1836,1289
Платонов Андрей Платонович,Пётр Первый,2020,704
Платонов Андрей Платонович,Кому на Руси жить хорошо,1980,958
Бунин Иван Алексеевич,Дама с собачкой,1870,234
Пушкин Александр Сергеевич,Вий,1954,1372
Цветаева Марина Ивановна,Бесы,2002,1460
Булгаков Михаил Афанасьевич,Мастер и Маргарита,1819,1287
Беляев Александр Романович,Вий,1919,1209
Ильф Илья Арнольдович,Железная дорога,1831,969
Пушкин Александр Сергеевич,В окопах Сталинграда,1909,84
Стругацкий Борис Натанович,Тарас Бульба,1909,705
Чехов Антон Павлович,Железная дорога,1983,1107
Лесков Николай Семёнович,Антоновские яблоки,1919,695
Цветаева Марина Ивановна,Ася,1915,1280
Пастернак Борис Леонидович,Листопад,2014,1284
Стругацкий Борис Натанович,Идиот,1910,683
Толстой Лев Николаевич,Тёмные аллеи,1920,72
Беляев Александр Романович,Шинель,1832,926
Горький Максим,Ревизор,1833,1245
Пушкин Александр Сергеевич,Хождение по мукам,1903,221
Достоевский Фёдор Михайлович,В окопах Сталинграда,1885,1276
Толстой Лев Николаевич,Маленькая печальная повесть,2012,1406
Достоевский Фёдор Михайлович,Воскресение,1803,211
Некрасов Николай Алексеевич,Кому на Руси жить хорошо,1950,1278
Беляев Александр Романович,Мастер и Маргарита,1980,770
Грин Александр Степанович,Донские рассказы,1866,1413
Толстой Лев Николаевич,Воскресение,1939,1471
Островский Александр Николаевич,Вишнёвый сад,1851,474
Островский Александр Николаевич,В окопах Сталинграда,1801,474
Пастернак Борис Леонидович,Ревизор,1922,345
Платонов Андрей Платонович,Пётр Первый,1848,982
Булгаков Михаил Афанасьевич,Анна Каренина,2009,221
Достоевский Фёдор Михайлович,Вий,1995,1186
Стругацкий Аркадий Натанович,В окопах Сталинграда,1862,1244
Толстой Лев Николаевич,Крестьянские дети,1966,1409
Толстой Лев Николаевич,Медный всадник,1997,665
Грин Александр Степанович,Листопад,1954,1319
Чернышевский Николай Гаврилович,Пётр Первый,1837,123
Куприн Александр Иванович,Вий,1940,687
Маяковский Владимир Владимирович,Тарас Бульба,1951,476
Грибоедов Александр Сергеевич,Ася,1831,333
Толстой Лев Николаевич,Записки охотника,2006,1203
Цветаева Марина Ивановна,Записки охотника,2014,818
Ильф Илья Арнольдович,В окопах Сталинграда,1981,880
Пастернак Борис Леонидович,Крестьянские дети,1968,443
Пастернак Борис Леонидович,Аэлита,1934,744
Беляев Александр Романович,Тихий Дон,1916,353
Некрасов Николай Алексеевич,Антоновские яблоки,1966,1311
Гоголь Николай Васильевич,Белая гвардия,1877,1202
Набоков Владимир Владимирович,Железная дорога,1971,1283
Пушкин Александр Сергеевич,Тихий Дон,2006,1220
Чернышевский Николай Гаврилович,Аэлита,1933,1194
Стругацкий Борис Натанович,Медный всадник,1814,806
Бродский Иосиф Александрович,Вий,1930,576
Некрасов Виктор Платонович,Кому на Руси жить хорошо,1891,955
Маяковский Владимир Владимирович,Тёмные аллеи,1908,1115
Горький Максим,Воскресение,1842,694
Стругацкий Аркадий Натанович,Белые ночи,1999,543
Толстой Лев Николаевич,Антоновские яблоки,1891,994
Блок Александр Александрович,Крестьянские дети,1810,755
Некрасов Николай Алексеевич,Война и мир,1864,420
Толстой Лев Николаевич,Ревизор,2016,278
Маяковский Владимир Владимирович,Белые ночи,1935,398
Толстой Алексей Николаевич,Евгений Онегин,1936,691
Стругацкий Борис Натанович,Железная дорога,1886,1138
Ильф Илья Арнольдович,Война и мир,2024,253
Бунин Иван Алексеевич,Маленькая печальная повесть,1862,219
Горький Максим,Кому на Руси жить хорошо,1977,877
Толстой Лев Николаевич,Белые ночи,1930,430
Некрасов Николай Алексеевич,Мертвые души,1943,1403
Горький Максим,Отцы и дети,1999,774
Толстой Лев Николаевич,Дама с собачкой,2023,745
Ильф Илья Арнольдович,Вий,2002,286
Толстой Лев Николаевич,Судьба человека,1932,336
Куприн Александр Иванович,Преступление и наказание,1956,674
Толстой Лев Николаевич,Рядовой Лютиков,1968,124
Платонов Андрей Платонович,Детство,1886,548
Чернышевский Николай Гаврилович,Белые ночи,1845,216
Лесков Николай Семёнович,Ася,1931,1062
Лесков Николай Семёнович,Аэлита,1928,775
Мандельштам Осип Эмильевич,Хождение по мукам,2025,1402
Островский Александр Николаевич,Преступление и наказание,1928,266
Мандельштам Осип Эмильевич,Железная дорога,1852,990
Бродский Иосиф Александрович,Ионыч,1912,908
Есенин Сергей Александрович,Донские рассказы,1855,680
Шолохов Михаил Александрович,Железная дорога,1843,1236
Стругацкий Борис Натанович,Крестьянские дети,1997,341
Шолохов Михаил Александрович,Ася,1824,1301
Грин Александр Степанович,Записки охотника,1933,741
Платонов Андрей Платонович,Вишнёвый сад,1854,1046
Чернышевский Николай Гаврилович,Собачье сердце,1846,1372
Толстой Лев Николаевич,Ревизор,1970,1082
Добролюбов Николай Александрович,Судьба человека,2018,1452
Беляев Александр Романович,Тихий Дон,2003,794
Куприн Александр Иванович,Вий,2010,1072
Платонов Андрей Платонович,Рядовой Лютиков,1823,82
Толстой Лев Николаевич,Евгений Онегин,1855,903
Грин Александр Степанович,Вий,1919,229
Толстой Лев Николаевич,Братья Карамазовы,1907,682
Бродский Иосиф Александрович,Война и мир,1944,1495
Маяковский Владимир Владимирович,Хамелеон,1887,458
Толстой Алексей Николаевич,Белая гвардия,1890,1331
Стругацкий Аркадий Натанович,Вишнёвый сад,1939,300
Чехов Антон Павлович,Ионыч,1892,1157
Платонов Андрей Платонович,Ионыч,1860,243
Куприн Александр Иванович,Мастер и Маргарита,1835,85
Бродский Иосиф Александрович,Аэлита,2023,757
Платонов Андрей Платонович,Рядовой Лютиков,1806,70
Стругацкий Борис Натанович,Шинель,1915,1210
Ахматова Анна Андреевна,Маленькая печальная повесть,1960,1210
Грин Александр Степанович,Аэлита,1982,396
Гоголь Николай Васильевич,Первая любовь,1943,1042
Добролюбов Николай Александрович,Митина любовь,1861,205
Грибоедов Александр Сергеевич,Донские рассказы,2000,595
Добролюбов Николай Александрович,Медный всадник,1942,1129
Петров Евгений Петрович,Листопад,1970,813
Пушкин Александр Сергеевич,Тёмные аллеи,1971,1281
Чехов Антон Павлович,Хождение по мукам,2014,1094
Замятин Евгений Иванович,Тёмные аллеи,1969,1305
Стругацкий Аркадий Натанович,Первая любовь,1979,242
Ахматова Анна Андреевна,Воскресение,1912,935
Ахматова Анна Андреевна,Белая гвардия,1824,1107
Чернышевский Николай Гаврилович,Детство,1801,640
Горький Максим,Детство,1892,251
Платонов Андрей Платонович,Кому на Руси жить хорошо,1926,1275
Мандельштам Осип Эмильевич,Собачье сердце,1832,1135
Достоевский Фёдор Михайлович,Листопад,2011,716
Мандельштам Осип Эмильевич,Первая любовь,1920,1327
Пастернак Борис Леонидович,Маленькая печальная повесть,1856,1073
Толстой Лев Николаевич,Ионыч,1946,1114
Лермонтов Михаил Юрьевич,Железная дорога,1918,159
Ильф Илья Арнольдович,Белая гвардия,1870,162
Толстой Лев Николаевич,Записки охотника,1877,344
Тургенев Иван Сергеевич,Судьба человека,1993,1091
Стругацкий Аркадий Натанович,Железная дорога,2011,1272
Толстой Алексей Николаевич,Война и мир,1837,1336
Лермонтов Михаил Юрьевич,Антоновские яблоки,1966,318
Грин Александр Степанович,В окопах Сталинграда,1870,1344
Добролюбов Николай Александрович,Белые ночи,1959,1242
Бунин Иван Алексеевич,Вишнёвый сад,1867,1054
Маяковский Владимир Владимирович,Лёгкое дыхание,1834,1157
Гоголь Николай Васильевич,Хамелеон,1940,1210
Бродский Иосиф Александрович,Хождение по мукам,2005,133
Набоков Владимир Владимирович,Детство,1947,138
Бродский Иосиф Александрович,Идиот,1879,1340
Лесков Николай Семёнович,Вишнёвый сад,1823,94
Толстой Лев Николаевич,Братья Карамазовы,1857,977
Добролюбов Николай Александрович,Тёмные аллеи,1919,574
Толстой Лев Николаевич,Детство,1883,779
Цветаева Марина Ивановна,Аэлита,1870,1297
Набоков Владимир Владимирович,Собачье сердце,1990,1456
Толстой Алексей Николаевич,Рядовой Лютиков,1997,946
Толстой Лев Николаевич,Хамелеон,1986,719
Набоков Владимир Владимирович,Тихий Дон,1823,328
Булгаков Михаил Афанасьевич,Пётр Первый,1894,682
Стругацкий Аркадий Натанович,Железная дорога,1869,496
Островский Александр Николаевич,Ревизор,1895,181
Лесков Николай Семёнович,Воскресение,1906,297
Толстой Алексей Николаевич,Бесы,1916,675
Некрасов Виктор Платонович,Донские рассказы,1945,525
Тургенев Иван Сергеевич,Шинель,1808,692
Толстой Лев Николаевич,Первая любовь,1870,308
Толстой Лев Николаевич,Ревизор,1906,576
Пушкин Александр Сергеевич,Шинель,1908,1394
Гоголь Николай Васильевич,Анна Каренина,1833,1168
Блок Александр Александрович,Медный всадник,1835,1395
Салтыков-Щедрин Михаил Евграфович,Белые ночи,1903,110
Блок Александр Александрович,Отцы и дети,1923,1401
Шолохов Михаил Александрович,Идиот,1891,68
Стругацкий Борис Натанович,Детство,1997,537
Грин Александр Степанович,Братья Карамазовы,1892,1208
Пастернак Борис Леонидович,Железная дорога,2000,602
Пастернак Борис Леонидович,Белые ночи,1812,1134
Шолохов Михаил Александрович,Крестьянские дети,1920,1200
Мандельштам Осип Эмильевич,Ревизор,1966,494
Маяковский Владимир Владимирович,Донские рассказы,1853,1076
Пастернак Борис Леонидович,Хождение по мукам,1946,151
Мандельштам Осип Эмильевич,Крестьянские дети,1976,948
Толстой Лев Николаевич,Медный всадник,1813,554
Лесков Николай Семёнович,Рядовой Лютиков,1961,291
Есенин Сергей Александрович,Бесы,1977,1372
Чернышевский Николай Гаврилович,Первая любовь,1868,345
Мандельштам Осип Эмильевич,Дама с собачкой,1854,774
Стругацкий Аркадий Натанович,Вишнёвый сад,1929,619
Грин Александр Степанович,Железная дорога,1820,359
Грибоедов Александр Сергеевич,Воскресение,1824,1301
Мандельштам Осип Эмильевич,Пётр Первый,1929,536
Бунин Иван Алексеевич,Кому на Руси жить хорошо,1818,401
Островский Александр Николаевич,Дама с собачкой,1870,1104
Грибоедов Александр Сергеевич,Собачье сердце,2003,347
Пушкин Александр Сергеевич,Преступление и наказание,1811,453
Петров Евгений Петрович,Записки охотника,1887,1486
Маяковский Владимир Владимирович,Мастер и Маргарита,1937,362
Толстой Алексей Николаевич,Листопад,1854,379
Замятин Евгений Иванович,Железная дорога,1963,940
Бродский Иосиф Александрович,Судьба человека,2005,1261
Булгаков Михаил Афанасьевич,Детство,1923,502
Лермонтов Михаил Юрьевич,Морфий,1955,740
Куприн Александр Иванович,Записки охотника,1882,798
Замятин Евгений Иванович,Шинель,1867,698
Платонов Андрей Платонович,Вишнёвый сад,1923,501
Толстой Алексей Николаевич,Русские женщины,1934,1076
Лесков Николай Семёнович,Тёмные аллеи,1976,307
Беляев Александр Романович,Ася,2002,157
Петров Евгений Петрович,Первая любовь,1957,133
Набоков Владимир Владимирович,Ася,1875,298
Платонов Андрей Платонович,Белая гвардия,1905,295
Есенин Сергей Александрович,Вий,1976,1412
Чернышевский Николай Гаврилович,Донские рассказы,1995,357
Толстой Лев Николаевич,Детство,1846,397
Достоевский Фёдор Михайлович,Аэлита,1987,740
Некрасов Виктор Платонович,Дама с собачкой,1855,1180
Салтыков-Щедрин Михаил Евграфович,Ася,2019,789
Тургенев Иван Сергеевич,Вий,1879,1477
Толстой Лев Николаевич,Первая любовь,1856,1113
Петров Евгений Петрович,Пётр Первый,1897,368
Лермонтов Михаил Юрьевич,Хамелеон,1893,253
Толстой Лев Николаевич,Пётр Первый,1948,1228
Толстой Алексей Николаевич,Тарас Бульба,1831,1249
Замятин Евгений Иванович,Донские рассказы,1859,1283
Булгаков Михаил Афанасьевич,Отцы и дети,1865,1204
Стругацкий Аркадий Натанович,Медный всадник,1871,692
Достоевский Фёдор Михайлович,Братья Карамазовы,1853,669
Мандельштам Осип Эмильевич,Хождение по мукам,1803,585
Замятин Евгений Иванович,Собачье сердце,1983,234
Гоголь Николай Васильевич,Белые ночи,1991,324
Платонов Андрей Платонович,Записки охотника,1911,1319
Толстой Лев Николаевич,Листопад,1991,91
Стругацкий Аркадий Натанович,Белая гвардия,1990,1257
Бунин Иван Алексеевич,Идиот,1833,434
Толстой Лев Николаевич,Антоновские яблоки,1808,1445
Толстой Алексей Николаевич,Аэлита,1804,1375
Чернышевский Николай Гаврилович,Маленькая печальная повесть,1977,311
Блок Александр Александрович,Кому на Руси жить хорошо,1927,1109
Платонов Андрей Платонович,Евгений Онегин,2011,1456
Пушкин Александр Сергеевич,Воскресение,1872,745
Толстой Лев Николаевич,Листопад,1874,1344
Петров Евгений Петрович,Лёгкое дыхание,1804,1334
Есенин Сергей Александрович,Пётр Первый,1848,1310
Толстой Лев Николаевич,Маленькая печальная повесть,1847,879
Есенин Сергей Александрович,Война и мир,1839,1420
Толстой Лев Николаевич,Медный всадник,1944,274
Добролюбов Николай Александрович,Воскресение,2007,655
Достоевский Фёдор Михайлович,Антоновские яблоки,1862,1124
Чехов Антон Павлович,Хождение по мукам,1964,1204
Островский Александр Николаевич,Бесы,1936,566
Бродский Иосиф Александрович,Русские женщины,1906,503
Мандельштам Осип Эмильевич,Тёмные аллеи,1870,1178
Добролюбов Николай Александрович,Тёмные аллеи,2020,1288
Достоевский Фёдор Михайлович,Дом с мезонином,1920,611
Некрасов Виктор Платонович,Ревизор,1879,463
Куприн Александр Иванович,Тёмные аллеи,1988,572
Горький Максим,Евгений Онегин,2008,184
Ахматова Анна Андреевна,Хождение по мукам,2020,1457
Толстой Лев Николаевич,Дама с собачкой,1978,553
Пастернак Борис Леонидович,Донские рассказы,1849,825
Некрасов Виктор Платонович,Русские женщины,1814,462
Чехов Антон Павлович,Преступление и наказание,2019,727
Замятин Евгений Иванович,Мастер и Маргарита,1801,950
Бродский Иосиф Александрович,В окопах Сталинграда,1821,986
Стругацкий Аркадий Натанович,Анна Каренина,1962,1229
Некрасов Виктор Платонович,Анна Каренина,1987,794
Лесков Николай Семёнович,Отцы и дети,1934,1064
Набоков Владимир Владимирович,Тёмные аллеи,1939,106
Набоков Владимир Владимирович,В окопах Сталинграда,1822,1325
Грин Александр Степанович,Железная дорога,1885,1385
Маяковский Владимир Владимирович,Детство,1985,1387
Куприн Александр Иванович,Хождение по мукам,1998,787
Тургенев Иван Сергеевич,Записки охотника,1900,220
Толстой Лев Николаевич,Медный всадник,1816,815
Ахматова Анна Андреевна,Тихий Дон,2002,1214
Горький Максим,Детство,1940,579
Пушкин Александр Сергеевич,Война и мир,2009,113
Блок Александр Александрович,Первая любовь,1961,976
Платонов Андрей Платонович,Война и мир,1842,205
Булгаков Михаил Афанасьевич,Вишнёвый сад,1884,812
Маяковский Владимир Владимирович,Ревизор,1963,963
Шолохов Михаил Александрович,Крестьянские дети,1971,356
Некрасов Виктор Платонович,Ася,1863,768
Лесков Николай Семёнович,Тихий Дон,1861,344
Стругацкий Борис Натанович,Тёмные аллеи,1975,1279
Платонов Андрей Платонович,Война и мир,2015,865
Толстой Лев Николаевич,Тёмные аллеи,1896,924
Толстой Лев Николаевич,Тарас Бульба,1970,168
Бунин Иван Алексеевич,Аэлита,1940,312
Маяковский Владимир Владимирович,Записки охотника,1832,914
Булгаков Михаил Афанасьевич,Дом с мезонином,1996,1129
Пастернак Борис Леонидович,Хамелеон,1813,903
Добролюбов Николай Александрович,Дама с собачкой,1807,1339
Толстой Лев Николаевич,Бесы,1887,262
Блок Александр Александрович,Русские женщины,1854,562
Булгаков Михаил Афанасьевич,Медный всадник,1894,1267
Бродский Иосиф Александрович,Дом с мезонином,1990,591
Платонов Андрей Платонович,Митина любовь,1961,664
Толстой Лев Николаевич,Ионыч,2008,638
Булгаков Михаил Афанасьевич,Мастер и Маргарита,1865,1422
Пушкин Александр Сергеевич,Железная дорога,1986,915
Блок Александр Александрович,Детство,2000,1056
Толстой Алексей Николаевич,Братья Карамазовы,1973,313
Пушкин Александр Сергеевич,Шинель,1838,808
Лермонтов Михаил Юрьевич,Дом с мезонином,1975,1311
Пушкин Александр Сергеевич,Отцы и дети,1986,1466
Мандельштам Осип Эмильевич,Медный всадник,1881,382
Толстой Лев Николаевич,Митина любовь,2024,601
Добролюбов Николай Александрович,Детство,1891,611
Ильф Илья Арнольдович,Ионыч,1999,1352
Толстой Лев Николаевич,Маленькая печальная повесть,1985,855
Горький Максим,Мертвые души,1952,551
Толстой Лев Николаевич,Анна Каренина,1882,376
Чехов Антон Павлович,Белые ночи,1932,844
Некрасов Николай Алексеевич,Митина любовь,1883,637
Тургенев Иван Сергеевич,Крестьянские дети,1899,432
Стругацкий Аркадий Натанович,Дом с мезонином,1879,1051
Пушкин Александр Сергеевич,Вишнёвый сад,1811,710
Островский Александр Николаевич,Ася,1915,458
Ахматова Анна Андреевна,Тарас Бульба,1851,626
Добролюбов Николай Александрович,Война и мир,1961,1064
Островский Александр Николаевич,Записки охотника,1841,137
Островский Александр Николаевич,Митина любовь,2003,55
Некрасов Виктор Платонович,Евгений Онегин,1947,850
Бродский Иосиф Александрович,Отцы и дети,1866,1149
Тургенев Иван Сергеевич,Тихий Дон,1935,1131
Некрасов Виктор Платонович,Хамелеон,1848,902
Есенин Сергей Александрович,Хождение по мукам,2000,1201
Достоевский Фёдор Михайлович,Воскресение,1874,1492
Блок Александр Александрович,Воскресение,1962,1364
Бродский Иосиф Александрович,Железная дорога,1917,323
Пушкин Александр Сергеевич,Лёгкое дыхание,1944,1419
Булгаков Михаил Афанасьевич,Отцы и дети,1847,563
Куприн Александр Иванович,Братья Карамазовы,1941,1196
Маяковский Владимир Владимирович,Записки охотника,1850,572
Лесков Николай Семёнович,Листопад,1923,1462
Грин Александр Степанович,Аэлита,1808,1394
Беляев Александр Романович,Медный всадник,1955,607
Толстой Лев Николаевич,Хамелеон,1806,532
Есенин Сергей Александрович,Листопад,1849,1010
Блок Александр Александрович,Русские женщины,2011,881
Некрасов Виктор Платонович,Шинель,2024,1107
Шолохов Михаил Александрович,Митина любовь,1988,130
Платонов Андрей Платонович,Война и мир,1859,936
Толстой Лев Николаевич,Пётр Первый,1883,722
Салтыков-Щедрин Михаил Евграфович,Медный всадник,1943,349
Цветаева Марина Ивановна,Мертвые души,1816,255
Пушкин Александр Сергеевич,В окопах Сталинграда,1874,1141
Некрасов Виктор Платонович,Вишнёвый сад,1828,749
Тургенев Иван Сергеевич,Война и мир,1897,1240
Лесков Николай Семёнович,Вий,2010,1013
Толстой Лев Николаевич,Антоновские яблоки,1914,1456
Салтыков-Щедрин Михаил Евграфович,Морфий,2022,740
Маяковский Владимир Владимирович,Донские рассказы,1920,938
Платонов Андрей Платонович,Преступление и наказание,1860,1446
Куприн Александр Иванович,Русские женщины,1818,532
Пастернак Борис Леонидович,Братья Карамазовы,1831,378
Некрасов Николай Алексеевич,Отцы и дети,1936,223
Некрасов Николай Алексеевич,Митина любовь,1914,274
Блок Александр Александрович,Мастер и Маргарита,1812,677
Толстой Алексей Николаевич,Белая гвардия,1845,646
Маяковский Владимир Владимирович,Хождение по мукам,2007,378
Тургенев Иван Сергеевич,Мастер и Маргарита,1946,1403
Толстой Алексей Николаевич,Вишнёвый сад,1951,1248
Чехов Антон Павлович,Евгений Онегин,2025,1471
Булгаков Михаил Афанасьевич,Тарас Бульба,1935,969
Лесков Николай Семёнович,Преступление и наказание,1878,361
Стругацкий Аркадий Натанович,Ионыч,1810,1217
Набоков Владимир Владимирович,В окопах Сталинграда,1979,272
Некрасов Виктор Платонович,Собачье сердце,1911,424
Чернышевский Николай Гаврилович,Ася,1967,85
Грин Александр Степанович,Крестьянские дети,1935,1391
Есенин Сергей Александрович,В окопах Сталинграда,2000,607
Лермонтов Михаил Юрьевич,Братья Карамазовы,1928,1451
Есенин Сергей Александрович,Мертвые души,1906,223
Бунин Иван Алексеевич,Кому на Руси жить хорошо,1827,105
Куприн Александр Иванович,Вий,2009,500
Тургенев Иван Сергеевич,Морфий,1813,1151
Гоголь Николай Васильевич,Собачье сердце,1870,914
Замятин Евгений Иванович,Ревизор,1990,308
Достоевский Фёдор Михайлович,Митина любовь,1970,283
Некрасов Виктор Платонович,Идиот,1897,557
Беляев Александр Романович,Кому на Руси жить хорошо,1942,637
Шолохов Михаил Александрович,Дама с собачкой,1850,497
Цветаева Марина Ивановна,Братья Карамазовы,1889,919
Достоевский Фёдор Михайлович,Война и мир,1852,264
Толстой Лев Николаевич,Рядовой Лютиков,1883,520
Горький Максим,Записки охотника,1837,1146
Цветаева Марина Ивановна,Преступление и наказание,1819,766
Добролюбов Николай Александрович,Белая гвардия,1976,923
Ахматова Анна Андреевна,Война и мир,1916,995
Некрасов Виктор Платонович,Тёмные аллеи,1891,1088
Салтыков-Щедрин Михаил Евграфович,Крестьянские дети,1840,1425
Салтыков-Щедрин Михаил Евграфович,Аэлита,1916,113
Тургенев Иван Сергеевич,Шинель,1972,1177
Толстой Лев Николаевич,Железная дорога,1837,335
Блок Александр Александрович,Преступление и наказание,2001,1426
Толстой Лев Николаевич,Братья Карамазовы,1849,387
Ахматова Анна Андреевна,Евгений Онегин,1806,695
Есенин Сергей Александрович,Лёгкое дыхание,1977,868
Бунин Иван Алексеевич,Донские рассказы,1855,1212
Добролюбов Николай Александрович,Мастер и Маргарита,1925,748
Стругацкий Аркадий Натанович,Записки охотника,1920,1172
